{"category":"TV","brand":"SAMSUNG","model":"2000327","type":1,"version":"1.0","create_date":1689041902551,"protocol":"SAMSUNG","map_code":[{"key":"POWER","name":"POWER","code":"+4552-4490+598-1662+570-1688EfE-600EcEcEc+572-596+594-1664EfE-1686HiHiEc+568gEcEgElElEgMcEfEfEfHlHcEcEfEfEcHcEcE","mapping_code":"7_230_7_3772802968","state":1},{"key":"MENU","name":"MENU","code":"+4524-4514+598-1662+570-1688EfEcEc+594-574EcEcE-1686EfE-1690+568cEcEcE-600KlKfKlEfEfKfEfEjEf+592lK-1666M-578+566-624+544qRqKlKlK","mapping_code":"7_253_7_3772825408","state":1},{"key":"VOLUME_UP","name":"VOLUME UP","code":"+4526-4544+604-1668+570-1688Ef+594-574+572-596IjE-598EkEfEfEfIkEjIjIjIkIfEfEfEkIkEjEkIjIjEkEkEfEfE-1686E-1684IfE","mapping_code":"7_7_7_3772833823","state":1},{"key":"VOLUME_DOWN","name":"VOLUME DOWN","code":"+4528-4514+630-1638+570-1688+572-1686G-598E-596GiEiEiEhJ-1664EfEiEiEjGiEiEfEhEiEf+568-600EiEiE-602LiLm+594-1662EmEfEhOkEfE","mapping_code":"7_11_7_3772829743","state":1},{"key":"BACK","name":"BACK","code":"+4552-4480+600-1662+572-1686Ef+570cG-598E-596GhGiE-1688GjG-1690+568hGiHeEhE-594EiGcGhLkGjGhGjGhGjGfGjGhGhGjGhGjG","mapping_code":"7_88_7_3772783333","state":1},{"key":"HOME","name":"HOME","code":"+4520-4540+610-1658+570-1688+572fE-598EhG-596EhGiE-1686EjGjEhE-600+568hEhEhEfEhEhEfGjEfGjEhEhEfL-1690LhEk+592-574EkLf+594","mapping_code":"7_121_7_3772816993","state":1},{"key":"CHANNEL_UP","name":"CHANNEL UP","code":"+4524-4508+598-1662+570-1688EfEc+572cEcEcEcG-1686EfEhGcEcEc+596gEcEcEfEcE-600EhGiEcI-574EhIgEfEfEcEfEhGhE","mapping_code":"7_18_7_3772795063","state":1},{"key":"CHANNEL_DOWN","name":"CHANNEL DOWN","code":"+4522-4510+600-1662+570-1688E-1686+572-598EiEiEc+568iEfEfEfEiEiE-596HkEcJiEiKhEiEfEiEkHiKdEgHfEgHkHgEfEgE","mapping_code":"7_16_7_3772778743","state":1},{"key":"UP","name":"UP","code":"+4520-4548+598-1664+570-1690+568-1688EcEcEcGcE-600+592dEh+576-1680E-624+544iGi+590-580+586-604Nm+548c+566mGiT-602GfGfGuT-1692+564v+560-1698X-1696+562-1696+562-606+560-606+562-1696+562","mapping_code":"7_96_7_3772778233","state":1},{"key":"DOWN","name":"DOWN","code":"+4518-4558+604-1664+568-1688+570-1686+574-596Gj+572-598KjGlK-1684KhIhElGlKjK-594K-600EfGlGlElGlGmImKlGjG-1690EfGhKhGoElGhK","mapping_code":"7_97_7_3772810873","state":1},{"key":"LEFT","name":"LEFT","code":"+4514-4538+598-1662+570-1688E-1690EcE-594+596-572Ji+574iJ-1684JfIdEcJcEc+568cJcEf+592kJfEcEcEfEfEcEcMfEcMgEgM-600McMfM","mapping_code":"7_101_7_3772819033","state":1},{"key":"RIGHT","name":"RIGHT","code":"+4502-4542+598-1662+570-1686E-1688E-600+568-596EcEcEcEgEgEgEcEcEc+572jEcIcEgEcEhIcE-1690IgIhIgIhIlIlIl+566-624+544hMlI","mapping_code":"7_98_7_3772794553","state":1},{"key":"PLAY","name":"PLAY","code":"+4552-4604+604-1666+570-1686E-1688E-598Eh+572-596+594-574EhIf+568-1690EgEjI-562+606jIhHiEgEjIkLgEfJ-1662E-552+616fIhEfE-1656+602hIh+546-622EgIjE","mapping_code":"7_185_7_3772816738","state":1}],"_id":"LPS6rslQ5FvLWkd9"}
