{"category":"TV","brand":"SAMSUNG","model":"2786","type":1,"version":"1.0","create_date":1689049288611,"protocol":"SAMSUNG","map_code":[{"key":"POWER","name":"POWER","code":"+2738-896+428-452C-440EbCb+1314-898+426dC-442E-450Cd+430jCdKdHdC-454Cd+872dCdC-446+434bClCdHlHl+870gC-436IdDcMbP-900PlC","mapping_code":"2_43_209719044_53688075307","state":1},{"key":"MENU","name":"MENU","code":"+908-900+1770-902+878b+876-906+874gFdF-904EiB-1774Fi+1772bF","mapping_code":"1_12_0_12","state":1},{"key":"VOLUME_UP","name":"VOLUME UP","code":"+914-896+1746-926+878-904+876f+874-906GfGfG-1796C-928HfGfG","mapping_code":"1_16_0_16","state":1},{"key":"VOLUME_DOWN","name":"VOLUME DOWN","code":"+912-898+876-906+1744-928C-904+878-902+880iH-900H-1798+1766gHiClH","mapping_code":"1_17_0_2065","state":1},{"key":"CHANNEL_UP","name":"CHANNEL UP","code":"+946-866+1746-862+942-900+878-902+876-904IhGhG-1794+1772hIjI-1796I","mapping_code":"1_17_0_17","state":1},{"key":"CHANNEL_DOWN","name":"CHANNEL DOWN","code":"+912-896+878-902+1748-922C-904+876dCgC-1798+1768g+874-906HgHdC","mapping_code":"1_32_0_2080","state":1},{"key":"UP","name":"UP","code":"+908-898+1754-920+876-902+878f+906-880GfE-1796+1770-904+874lElIjE","mapping_code":"1_33_0_33","state":1},{"key":"LEFT","name":"LEFT","code":"+912-896+876-904+1768dCd+878-902FgF-1798Cd+1772-1794+1770gC","mapping_code":"1_52_0_2100","state":1},{"key":"RIGHT","name":"RIGHT","code":"+938-872+1744-928+880-902+874-904+876h+878-900I-1796Ih+1770lM-1800+912","mapping_code":"1_53_0_53","state":1},{"key":"DOWN","name":"DOWN","code":"+912-898+1744-930+876-902+878-904EhEhE-1798Ef+1770-1796+1746-928E","mapping_code":"1_52_0_52","state":1},{"key":"ENTER","name":"ENTER","code":"+970-872+1746-926+876-904E-902+878fEfE-1796Ef+1772g+874-1798+1770","mapping_code":"1_50_0_50","state":1},{"key":"0","name":"0","code":"+910-898+876-906+1746-926+878-902C-904Gh+874-1800+900-880+1770lG-1796N","mapping_code":"1_50_0_2098","state":1},{"key":"1","name":"1","code":"+906-898+876-904+1770d+874d+878-902GhCdGhCdGhCdC-1796C","mapping_code":"1_1_0_2049","state":1},{"key":"2","name":"2","code":"+912-896+1770-904+876dE-902F-880EdEdEf+878d+874-906E-1796+1802","mapping_code":"1_2_0_2","state":1},{"key":"3","name":"3","code":"+936-870+1746-928+872-906+876-904Gf+874fIh+878-902JkGkG-1796GhJ","mapping_code":"1_3_0_3","state":1},{"key":"4","name":"4","code":"+914-900+874-906+1744-928Cd+876-904Ch+878-902IhGhGhI-1794GhC","mapping_code":"1_3_0_2051","state":1},{"key":"5","name":"5","code":"+914-896+1832-882+878-904+876f+874fE-902EiGfG-906H-1798+1770-900G","mapping_code":"1_4_0_4","state":1},{"key":"6","name":"6","code":"+914-894+878-900+1746-928+876-958G-904G-902C-906GiGjC-1796E-1820G","mapping_code":"1_5_0_2053","state":1},{"key":"7","name":"7","code":"+942-868+1746-926+878-902+874-904+876hIhEfI-906GjF-1772GhC","mapping_code":"1_6_0_6","state":1},{"key":"8","name":"8","code":"+936-872+876-904+1772-900+878dCdCdC-902GdChC-1796C-906+874dC","mapping_code":"1_7_0_2055","state":1},{"key":"9","name":"9","code":"+910-900+1770-904+878b+876-902EdEdFgF-906F-1796+1768d+880bF","mapping_code":"1_8_0_8","state":1},{"key":"MUTE","name":"MUTE","code":"+910-900+876-904+1748-926+878-902CdCdCdChC-1798+1770hC-1796G","mapping_code":"1_9_0_2057","state":1},{"key":"INPUT","name":"INPUT","code":"+906-900+878-904+1768d+876dC-902Fa+874aFdH-1798HdE-1796H","mapping_code":"1_13_0_2061","state":1},{"key":"DISPLAY","name":"DISPLAY","code":"+908-898+1746-928+876-904EfE-906EfE-902+878fE-1798EhIfEfE","mapping_code":"1_15_0_15","state":1}],"_id":"0tCsq8ywOvla55TP"}
