{"category":"TV","brand":"SAMSUNG","model":"3029","type":1,"version":"1.0","create_date":1689049511375,"protocol":"SAMSUNG","map_code":[{"key":"POWER","name":"POWER","code":"+930-894+1770-904+874d+878-902+876dFdHgHdH-1796HdHdE-906E","mapping_code":"1_15_0_15","state":1},{"key":"MENU","name":"MENU","code":"+914-902+1772-906+880dEd+878-892+946-856F-908B-884F-1744+934-912+1748-930E","mapping_code":"1_12_0_12","state":1},{"key":"VOLUME_UP","name":"VOLUME UP","code":"+908-904+878-906+1774aCaC-870+918a+880-1802CaCa+1772iCa+876","mapping_code":"1_59_0_2107","state":1},{"key":"VOLUME_DOWN","name":"VOLUME DOWN","code":"+914-902+1772-906+882-844+966e+878-908+880dJdH-1804+1774dJd+904-884M","mapping_code":"1_16_0_16","state":1},{"key":"CHANNEL_UP","name":"CHANNEL UP","code":"+906a+878-908+1774cBaBcBcBc+880-1800DaBcB-1804B","mapping_code":"1_17_0_2065","state":1},{"key":"CHANNEL_DOWN","name":"CHANNEL DOWN","code":"+910-904+1774-906+880d+878-908+882bFgE-1800CdEdEbEdF","mapping_code":"1_32_0_32","state":1},{"key":"UP","name":"UP","code":"+946-884+880-906+1776d+878dF-908Cd+902-1774+1780-904CdCgHeK","mapping_code":"1_33_0_2081","state":1},{"key":"DOWN","name":"DOWN","code":"+910-904+878-908+1776-906CdCdCdC-1802+1774-1834D-894HfC","mapping_code":"1_44_0_2092","state":1},{"key":"LEFT","name":"LEFT","code":"+912-902+1774-906+878-908+880dGfEdGfE-1804+1772f+876-910B-1778E","mapping_code":"1_17_0_17","state":1},{"key":"RIGHT","name":"RIGHT","code":"+912-902+880-906+1750-932+878dC-908+876hChG-1800+1776dGdGhG","mapping_code":"1_16_0_2064","state":1},{"key":"ENTER","name":"ENTER","code":"+912-902+1774-906+878-908E-872+914d+880fE-1802+1772j+1750-932E-1800E","mapping_code":"1_41_0_41","state":1},{"key":"0","name":"0","code":"+934-922+1772-906+880-908+878fGf+902-884EfGdEdEfGdHiG","mapping_code":"1_0_0_0","state":1},{"key":"1","name":"1","code":"+908-902+880-906+1776-904CdCa+878aG-910GaGaGaGaG-1802G","mapping_code":"1_1_0_2049","state":1},{"key":"2","name":"2","code":"+940-874+1750-932+876-908+878-906+882f+900-884Gh+880hLhLhLfG-1800G","mapping_code":"1_1_0_1","state":1},{"key":"3","name":"3","code":"+914-900+878-908+1774dCd+880-906+904-882FgFg+902fI-910+876-1802E","mapping_code":"1_2_0_2050","state":1},{"key":"4","name":"4","code":"+908-902+1774a+880a+878aD-906FdDfDf+882-904EaE-1798GfD","mapping_code":"1_3_0_3","state":1},{"key":"5","name":"5","code":"+914-894+1782-904+882-906+880fGf+878-908GfGfHfH-1802+1810-1808G","mapping_code":"1_5_0_5","state":1},{"key":"6","name":"6","code":"+910-906+878b+1774b+902-884+880bC-908GhChCbC-1802GbD","mapping_code":"1_6_0_2054","state":1},{"key":"7","name":"7","code":"+912-904+1776b+882-906+878e+880-908FeGh+876hFhF-1802GhFhF","mapping_code":"1_7_0_7","state":1},{"key":"8","name":"8","code":"+934-896+880-906+1774d+878-908CdFdFgCdF-1802Ed+904-882C","mapping_code":"1_8_0_2056","state":1},{"key":"9","name":"9","code":"+912-904+1750-930+878-908+880bGfEfGf+876-910E-1802+1774fE-906G","mapping_code":"1_8_0_8","state":1},{"key":"MUTE","name":"MUTE","code":"+934-880+878-908+1750-930CdCdC-910+902-882Bd+876-1804+1774hI-1800B","mapping_code":"1_9_0_2057","state":1},{"key":"INPUT","name":"INPUT","code":"+940-876+1772-908+880-906EfEfEdEfEf+878-1800Ef+1776-1808+910","mapping_code":"1_13_0_13","state":1},{"key":"EXIT","name":"EXIT","code":"+934-896+882-908+1750-930+880d+878d+904cG-1800HdH-910+1774-906+902-884H","mapping_code":"1_56_0_2104","state":1},{"key":"LAST","name":"LAST","code":"+932-898+878-906+1774d+880dC-908CdC-1802Eh+1798-890C-1788+894","mapping_code":"1_41_0_2089","state":1},{"key":"DISPLAY","name":"DISPLAY","code":"+942-876+1772-908+880-906+878fGdGdG-1802+1776-912EdG-1804I","mapping_code":"1_34_0_34","state":1}],"_id":"Mi5dpHhsiguu97UF"}
