{"category":"TV","brand":"SAMSUNG","model":"3045","type":1,"version":"1.0","create_date":1689058796712,"protocol":"SAMSUNG","map_code":[{"key":"POWER","name":"POWER","code":"+942-862+1746-926+878-902+876-904Gf+954-880GfGhG-1798GhCdG","mapping_code":"1_12_0_12","state":1},{"key":"MENU","name":"MENU","code":"+1840-1756+1746-930+876-904+878fEfEfE-1798+1744-928+874-1796C","mapping_code":"23_82_0_6162","state":1},{"key":"VOLUME_UP","name":"VOLUME UP","code":"+1842-1754+1770-904+878-900+880-902HeEhE-1794C-1798Gh+1766","mapping_code":"23_86_0_6166","state":1},{"key":"VOLUME_DOWN","name":"VOLUME DOWN","code":"+1838-1788A-856+878-904+900-880+876eHeH-1796+1744-1826+1746-1820D","mapping_code":"23_85_0_6165","state":1},{"key":"CHANNEL_UP","name":"CHANNEL UP","code":"+1818-1774+1770-908+878-902E-900EfFeE-1794+1768-906EfGeE","mapping_code":"23_80_0_6160","state":1},{"key":"CHANNEL_DOWN","name":"CHANNEL DOWN","code":"+1840-864+902-878Dc+876-904EfEfEcD-1796+1746-926EfE-1798D","mapping_code":"23_81_0_4113","state":1},{"key":"LEFT","name":"LEFT","code":"+1838-1676+1828-930+878-902+876-904GhGhG-1796+1746-932GhGiG","mapping_code":"23_81_0_6161","state":1},{"key":"DOWN","name":"DOWN","code":"+924-884+1772-904+876-900+880f+902-878IhIhH-1770GfC-1806+1802","mapping_code":"1_26_0_26","state":1},{"key":"RIGHT","name":"RIGHT","code":"+946-864+876-902+1746-926+878-904ChChC-1796E-1818E-928CdG","mapping_code":"1_40_0_2088","state":1},{"key":"ENTER","name":"ENTER","code":"+948-862+1770-902+878dDeE-900+880dEdE-1796De+1744-928Dc+904","mapping_code":"1_25_0_25","state":1},{"key":"0","name":"0","code":"+1848-1746+1726-950+878-900+880-902+876-904I-1800+874hIhB-1826+1796","mapping_code":"23_122_0_6202","state":1},{"key":"1","name":"1","code":"+924-886+1768-902+940b+878d+880-900Fh+882hGhFhGhFdDgF","mapping_code":"1_0_0_0","state":1},{"key":"2","name":"2","code":"+946-862+1744-928+876-904EfEfEfE-902+878fEfEfE-1798+1746","mapping_code":"1_2_0_2","state":1},{"key":"3","name":"3","code":"+944-864+1746-926+876-904EfEfEfEfE-902EfEfE-1796EfE","mapping_code":"1_3_0_3","state":1},{"key":"4","name":"4","code":"+946-864+876-900+1746-928+878-902C-904+880dJhC-906+874iG-1796+1744fG","mapping_code":"1_4_0_2052","state":1},{"key":"5","name":"5","code":"+948-862+1744-928+880-900+878-902GhFgFe+876hGhG-1796+1742-930H","mapping_code":"1_4_0_4","state":1},{"key":"6","name":"6","code":"+940-864+1746-928+876-904+900-880EfEfEfEfGhE-1798EfC","mapping_code":"1_6_0_6","state":1},{"key":"7","name":"7","code":"+946-866+876-904+1744-928CdCdCdCdC-902+878dC-1798CdCdC","mapping_code":"1_7_0_2055","state":1},{"key":"8","name":"8","code":"+920-886+878-902+1768-904CdCdD-880CdCdF-1770EfCfC","mapping_code":"1_8_0_2056","state":1},{"key":"9","name":"9","code":"+944-866+1744-926+878-902+880f+876-904HiHiHfE-1796+1748-928+874jH","mapping_code":"1_9_0_9","state":1},{"key":"MUTE","name":"MUTE","code":"+944-862+878-900+1746-928C-904+876-902D-880CiHgH-1796Hg+1744-1820H","mapping_code":"1_13_0_2061","state":1},{"key":"INPUT","name":"INPUT","code":"+942-864+880-900+1770-902+878fGfGdC-1794C-896+904g+1772dCj+876","mapping_code":"1_56_0_2104","state":1},{"key":"EXIT","name":"EXIT","code":"+1844-862+878-898+906c+902cCfFcC-1796CfCf+1746-1770+1854","mapping_code":"23_122_0_4154","state":1},{"key":"LAST","name":"LAST","code":"+1844-1752+1772-904+880-896E-902G-878H-1794Hg+1770dH-900H-1796H","mapping_code":"23_113_0_6193","state":1},{"key":"DISPLAY","name":"DISPLAY","code":"+1838-866+878-902CdC-880+948-846+886d+876-1796I-904+1744-926CkIjI","mapping_code":"23_113_0_4145","state":1}],"_id":"ngjlieBA9QkyX44U"}
