{"category":"TV","brand":"SAMSUNG","model":"4584","type":1,"version":"1.0","create_date":1689042631929,"protocol":"SAMSUNG","map_code":[{"key":"POWER","name":"POWER","code":"+4562-4584+560-1668+534-1692EfE-562EgEgEg+532-564EfEfEfEiEc+536gEgEgEgEfEgJcEgEiHgHiEfHgE-1694HkHfEfEfHkH-48488+4610-4590+558-542H","mapping_code":"7_2_7_3772793023","state":1},{"key":"MENU","name":"MENU","code":"+4560-4646+568-1684+534-1694+532-1692E-564EiE-560EiEjEh+536hEhG-562KlGiElEiGlEhEiEhEhElElElEhElEhElElEhEhGhE-48492A-4656IlE","mapping_code":"7_26_7_3772799143","state":1},{"key":"VOLUME_UP","name":"VOLUME UP","code":"+4592-4528+536-1692+534dEdE-562+560cEfEfEfEdEdEdEfEfEfEf+532-564EfCdEfFcE-1690EfCfEgEdCgEjEdEfEjEdEjE-48472+4564-4556G-538E","mapping_code":"7_18_7_3772795063","state":1},{"key":"VOLUME_DOWN","name":"VOLUME DOWN","code":"+4590-4586+562-1666+534-1692EfEcE-560EcEcEcE-1694E-1690Ei+536cEc+532cE-564EcEcEcEcEcEfEcEgJcEfEiJiEiJcEfEfEfE-48566+4618-4592JlE","mapping_code":"7_16_7_3772778743","state":1},{"key":"CHANNEL_UP","name":"CHANNEL UP","code":"+4564-4620+592-1676+534-1692EfE-562Eg+532gEgEgEfEfHfEgH-564EgEiEgE-1690EfHfEgEgE-560EgEgEgEiEk+536jLjEfEfEfE-48542+4616-4532K-538K","mapping_code":"7_7_7_3772833823","state":1},{"key":"CHANNEL_DOWN","name":"CHANNEL DOWN","code":"+4564-4608+562-1676+534-1692EfE-564EcEcEcEg+532fEfEfEcEcE-566+530gEcEfH-1694EgHfHgHiJgJiHiH-586+508-1696JiJ-1716M-1718MpMpM-48504+4534-4618+536-572M","mapping_code":"7_11_7_3772829743","state":1},{"key":"UP","name":"UP","code":"+4534-4636+564-1682+534-1690E-1692+562eEhEhEh+532h+538fIgEgEcIhEhEhEhEfEhEgEgEgEhEhEhEhEgEhIhEcEgEg+558-1668E-48492+4560-4600C-542E","mapping_code":"7_29_7_3772823623","state":1},{"key":"DOWN","name":"DOWN","code":"+4566-4768+570-1674+534-1692+532fE-562EhEhEhG-564E-1694+556-1668Gf+536hGhE-560MhEnEhEhEfEfEfEhEiGiGfEfEhEhEiGfGjGfE-48472+4560-4582H-544G","mapping_code":"7_28_7_3772790983","state":1},{"key":"1","name":"1","code":"+4536-4624+570-1670+534-1692E-1690E-564E-562Ei+532hE-560EgEfEfEiEi+536kEiEiEiEiEfEiJhJiEhJiEfEfEiEfEfEgEfEgL-48496+4534-4670+568-574E","mapping_code":"7_4_7_3772784863","state":1},{"key":"2","name":"2","code":"+4674-4618+562-1668+532-1692Ef+534-564Gc+536-560EhEcGfG-1690IkIcEhIjGcGcGkGhGkIjGcGcGcGcGcGfGcGfGfGfGfGfG-48492+4562-4570IcG","mapping_code":"7_5_7_3772817503","state":1},{"key":"3","name":"3","code":"+4586-4566+564-1664+534-1692EfEc+532-562EhEhEhE-1694EfGfEcEcG-560+536hEcGhEf+538-1686EhEhEh+558kEhGiEhEhEfGfGiGiGfE-48504+4584-4570J-552G","mapping_code":"7_6_7_3772801183","state":1},{"key":"4","name":"4","code":"+4568-4588+568-1664+534-1692Ef+532-564Eh+508-588+536-558G-562KfEfGfEmEmEmEmEmEmEmEmEfEmEmEmGhGfGfEfEmG-1694GfEnGfG-48496+4612p+560-544G","mapping_code":"7_8_7_3772780783","state":1},{"key":"5","name":"5","code":"+4592-4562+560-1668+534-1692EfE-562EgEgEgEg+536-1690Ef+532-1694HcEgEgJgEgEiHcE-564JfEgElJlEgJlEfEfElJfJfEfJfE-48484+4558-4608+558-546J","mapping_code":"7_9_7_3772813423","state":1},{"key":"6","name":"6","code":"+4556-4604+566-1680+534-1716+532-1692E-562Ei+536-560EiEkEhEhE-1690EiEiJkEiEiEiElEiEhEiEiEiGiEhEiEhEiEhElJlEhE-48450+4564-4566+564-538E","mapping_code":"7_10_7_3772797103","state":1},{"key":"7","name":"7","code":"+4594-4632+572-1676+532-1694+534-1690+536-562G-564GjGjJgG-1692GlGlGjGjEkGjEkGjEkEfEfG-560M-538GmGjGlGlGkEjGlGlGlGlG-48496+4586bNjG","mapping_code":"7_12_7_3772788943","state":1},{"key":"8","name":"8","code":"+4564-4578+568-1670+534-1692EfE-562EgEgEg+536gE-1690EfEfE-560E-564EgEgEg+532fEgEiEfEgEgLkEjHgEfEjHjHiEiHiEiE-48488+4592-4568J-538E","mapping_code":"7_13_7_3772821583","state":1},{"key":"9","name":"9","code":"+4562-4572+562-1668+534-1690EfE-564+532cE-560+536iJiE-1692EkEkEiJcEcEcEcJiEkEkEkEcEcEcEcE-1694HcHcEg+530lElHlHkH-48518+4586-4566+556-544M","mapping_code":"7_14_7_3772805263","state":1},{"key":"MUTE","name":"MUTE","code":"+4594-4546+572-1664+534-1690E-1692E-562EhE-564EhEh+558-1668+532gEfEiEhEhEhEhLgEgEgLgEhEhEhEiLhEhEhEhLgE-1694EfEgE-48492+4536aH-540+528","mapping_code":"7_15_7_3772837903","state":1},{"key":"INPUT","name":"INPUT","code":"+4584-4560+564-1664+534-1692EfE-562+532gEg+558-538EgE-1690E-1694HfE-560EgEgEgEgEfEgEgEcEgEgEgEcHgEfEfEfEfHfHlEfH-48500B-4576GjE","mapping_code":"7_1_7_3772809343","state":1},{"key":"SLEEP","name":"SLEEP","code":"+4566-4560+562-1668+534-1692EfEcEcEc+536cE-560GfEfEfEcGhEcEcEcE-1690E-1694EcEcEcEcEcEcEcEhEfEfEfEfEfEfE-48532+4614-4612H-538G","mapping_code":"7_3_7_3772825663","state":1},{"key":"DISPLAY","name":"DISPLAY","code":"+4558-4608+566-1680+534-1690+536-1692+532-562EjEjEjEjGhEhEhEjG-560E-564IjEjEhEhEhEhEhEjIlIcIjEjIlIlIlI-1694IhIm+530-48460A-4552K-540I","mapping_code":"7_31_7_3772839943","state":1}],"_id":"sA4m7WVlkZXSLT6H"}
