{"category":"TV","brand":"SAMSUNG","model":"737","type":1,"version":"1.0","create_date":1689042264853,"protocol":"SAMSUNG","map_code":[{"key":"POWER","name":"POWER","code":"+9150-4598+562-1672+534-564+536cG-1694G-1696GfEfEcEiEfGfEfEfEfEiGiEfEfE-1698EiEjEcEiEiGiEiGcEfEiEiEjEfEfEfEjEjEcEfEfEiEiEiE-27036+9152-4596+560","mapping_code":"22_56_4880_2620147054791","state":1},{"key":"MENU","name":"MENU","code":"+10998-4712+594-1682+534-564EfE-1696+536g+532fHfE-562+560-1672HjK-538EfEjEfEd+550gE-566EjEgEgEgHfHgE-1694HgHgHfEfEjHfEgEfEfIfEgHgEgEgEfEgEgHgE-27084+9154-4562K","mapping_code":"22_8_4880_2620147042551","state":1},{"key":"VOLUME_UP","name":"VOLUME UP","code":"+9098-4600+582-1664+536-564E-562E-1694E-1748EgEgEg+534h+538gJfJfEgEfJ-1696JlEgJfEhE-1676+554-1698JgEhJoE-1692KhElEhElElJhEfJfJfEgEf+510-588JgEfJlEhE-1686+546-27022+9150-4608G","mapping_code":"22_248_4880_2620147103751","state":1},{"key":"VOLUME_DOWN","name":"VOLUME DOWN","code":"+9100-4606+562-1672+534c+536-564F-1696EhFcFcFcFhFcFcGcFcEgFhEhFgEcFhFhFhEcFhF-1694EhFhFcFiFhFhFhEgEgFcFhEcEgEgEgEhEhEhE-27056+9128-4574G","mapping_code":"22_120_4880_2620147071111","state":1},{"key":"CHANNEL_UP","name":"CHANNEL UP","code":"+9148-4602+562-1672+534c+536-564F-1696EhFcFcEgEhFcFcFgFcEcFhE-1698EgEgEhFhFhEgEhEh+560hEhFhEhFcFh+558dEgEcFgEgEgEhFcEgEhEhEhE-27058+9150-4624G","mapping_code":"22_216_4880_2620147095591","state":1},{"key":"CHANNEL_DOWN","name":"CHANNEL DOWN","code":"+9152-4572+564-1674+534c+532-566E-1696EhEcEcEcEhEgFcEcFgFgF-1698FiFgFgFiF-1700+530-1722+508-590MjFlMlM-1724MnMlMn+506oPoP-592PqPq+528-1702PqKs+504-594Tu+502-1726TwT-1728+526-27070+9116-4624+528","mapping_code":"22_88_4880_2620147062951","state":1},{"key":"0","name":"0","code":"+9122-4590+564-1670+536-562Ef+534-1696G-1698GcGcGc+532hEcGcGfGf+538cGhEhGcGcEhGhE-1694EcGhGiGhGhGcG-566GcGfGfEcGcGcJiJiJiJiJ-1700+530iJiJnO-27054+9098-4612E","mapping_code":"22_0_4880_2620147040511","state":1},{"key":"1","name":"1","code":"+9100-4610+562-1672+534cE-564+536-1696EhEfEfEfGhEfEfEfEcGcEhEhGcGfG-1694GhGhGcEhGhGhEhE-1698EcGcEfEfGfEcEfGfEhEiGhEhEhEjEj+532-27112+9178-4606F","mapping_code":"22_128_4880_2620147073151","state":1},{"key":"2","name":"2","code":"+9146-4608+566-1674+534cE-562E-1696+536gE-564EiEfEgHf+554-544HfEiEiEgEgEfEiEgH-1698E-1694EiHmHgHgEl+532iHgHiHfEiEiEiEiNlEiEgElEgEgEgElE-27126+9176-4590+558","mapping_code":"22_64_4880_2620147056831","state":1},{"key":"3","name":"3","code":"+9156-4590+562-1670+534c+536cE-1696E-1698EcFcE-564EgEiEcFcFiEiF-1694EgFcFiEgFgEgEiFjF-1722EgFjFgFgFcEiEiFcEiEiEiEiFjFgEgEgEgFjF-27076+9176-4630C","mapping_code":"22_192_4880_2620147089471","state":1},{"key":"4","name":"4","code":"+9238-4674+538-1728+536-564E-562+534-1696HiHgEfHgEiHgEfEgEg+520-578E-1694EiHgEgEiHiEiHf+532iHiEiHiEfHgEiEgHgHfHfHfHiHiHgHiHiHiH-1698HiH-27006+9122-4570+560","mapping_code":"22_32_4880_2620147048671","state":1},{"key":"5","name":"5","code":"+9126-4622+540-1694+536-562Ef+534-1698E-1696GfE-564EfEiGfEjGjGjEf+510-1720GiGjEfEdEh+532iGjGiEiGiGiGiEfEiEjGfGjGfEfGfGiGjGiGiEi+560-1672EdE-27030+9128-4626J","mapping_code":"22_160_4880_2620147081311","state":1},{"key":"6","name":"6","code":"+9152-4572+562-1670+536c+534-564F-1698+532hIgFcEgF-1696FcEgEcFgFcE-1694FjFgEgFkEjEjEcEjEkEjFjEgEkFjFcEgFgFcEgFhFcFgFjEjFjEkEjF-27088+9176-4628+590","mapping_code":"22_96_4880_2620147064991","state":1},{"key":"7","name":"7","code":"+9158-4592+564-1670+534c+536-562E-1696FhEgEcFgFhEcFgFcEcFgEhFhFgFg+560dFhFhEcEhF-1694FhEhFhEhFjFcEcEcEcEcEcEcFgFhEhFhEhEhE-27056+9152-4566G","mapping_code":"22_224_4880_2620147097631","state":1},{"key":"8","name":"8","code":"+9156-4646+570-1682+534-564E-562E-1696+536-1694EfEgIgEhIgIgI-560IgEfEhE-1698EfEfEhEhEhEgEhIjEhEhEfEfIfEjIfEfE-566EgEhElElEf+532lEhElNlN-27010+9120-4584K","mapping_code":"22_16_4880_2620147044591","state":1},{"key":"9","name":"9","code":"+9154-4608+568-1674+536-560+534-566G-1696GiG-562E-564+586-542GiGjEkGkEkGkG-1694GiEkGjEiG-1698GiGk+532oPoGiEnEoGjGkEiEkGkGjEjEkEiGiGkGiGiEiGnE-27056+9178-4616H","mapping_code":"22_144_4880_2620147077231","state":1},{"key":"MUTE","name":"MUTE","code":"+9148-4584+562-1672+536cEcE-1696+534fEcG-564+560-538GfGhGhG-566+532hGhGfG-1698GhGhGfGmLmGhGfLmGfG-1722+508-1700+530-590+510pQ-588SnO-568QrOtSrOnOrOnLkO-1724+506nLpW-27084+9118-4606L","mapping_code":"22_168_4880_2620147083351","state":1},{"key":"INPUT","name":"INPUT","code":"+9102-4634+560-1698+536-564+534fC-1670G-1696G-562Ej+538jGiGjGjEjGfEjEiGiEfCkGiGiE-1694EjGiEiGiEiEiEjGlElEfGfGjEf+532-566GiGfGnMdMd+558-1674MdM-27034+9146-4594G","mapping_code":"22_176_4880_2620147085391","state":1},{"key":"LAST","name":"LAST","code":"+9186-4590+564-1670+536-562+534fG-1694+538hEcEf+558-540G-1696EfGcGfEfEfElGhEfEcGlGlG-1698GcGlGlGmGlGlGlGcGcGm+532mG-566NoNcGoNmNmGcGcNmG-1700+530-27034+9146-4636+556","mapping_code":"22_204_4880_2620147092531","state":1}],"_id":"yku4zaJSJymidrKo"}
