{"category":"TV","brand":"SAMSUNG","model":"752","type":1,"version":"1.0","create_date":1689042095242,"protocol":"SAMSUNG","map_code":[{"key":"POWER","name":"POWER","code":"+4518-4556+606-1664+570-1688EfE-598+572g+568gEg+596hE-1686EfIfHgI-600EgEgEl+594-1666IkEg+574-592EfEfEfEkJoEgEkEfEgEgIgElI","mapping_code":"7_243_7_3772829488","state":1},{"key":"MENU","name":"MENU","code":"+4568-4570+592-1640+534-564E-562E-1696+536fEgIgIfEhEgIgI-1694IfEgIg+532fEfIhEgEhIhEfEgEfEhEfIhEgIgIhE-1698EhI","mapping_code":"7_26_9_2425378983","state":1},{"key":"VOLUME_UP","name":"VOLUME UP","code":"+4600-4544+562-1672+534-1694E-1696E-564+536c+588cIcIhEgEgEfIcEhEhEhEhIfE-1698IgEcIcEhEhEcEhEhIcEkEgEgIgEkE-48574+4566-4578+560-540E","mapping_code":"7_7_7_3772833823","state":1},{"key":"VOLUME_DOWN","name":"VOLUME DOWN","code":"+4572a+564-1668+536-1696+534eD-562FbFbDgFbFeFeFeFgDgFbDbFgFeD-1694DgDeFbFbFgDbFgDgDeFbFeDeDeFeF-48560+4568-4566G-538D","mapping_code":"7_11_7_3772829743","state":1},{"key":"CHANNEL_UP","name":"CHANNEL UP","code":"+4572-4578+570-1694+534-562+536-564E-1696EhEfEhEfGiEfGfGdGfEhGhEhEhEiGfGfGiEhEhEhEiEfEiEiEfGiEiEiE","mapping_code":"7_18_9_2425374903","state":1},{"key":"CHANNEL_DOWN","name":"CHANNEL DOWN","code":"+4562-4578+564-1672+536-562+534cE-1696GcGcGcGc+532-1698GcGc+558-1674GcGcGcG-566ImImIm+530mIjImI-590+512-584+510-1700N-1722+508sI-1720U-570+552jUtUtU","mapping_code":"7_16_9_2425358583","state":1},{"key":"ENTER","name":"ENTER","code":"+4572-4600+570-1682+536-564+534-562E-1694EhEfEfGhG-1696G-566GhGjEhGhEhEf+532fGjG-1698GjGfGjGc+528fGjGfGfEhEjGfGjGjG","mapping_code":"7_46_9_2425386123","state":1},{"key":"0","name":"0","code":"+4578-4564+566-1666+536-564Ef+534-1694EfG-562EfGf+532-1696EiEfGhEiEiEi+538iG-1698JfGiGiEkGiEfEiGfGmL-1692GkGfGkEhEhE","mapping_code":"7_17_9_2425391223","state":1},{"key":"1","name":"1","code":"+4564-4594+566-1666+560-538+536-562G-1696GhG-564+534jKhGiKjKjG-1698+530cKjKjGhKjKjKiGjKjKjGhKjG-1694GiKhGiKiKiGiGiK","mapping_code":"7_4_9_2425364703","state":1},{"key":"2","name":"2","code":"+4570-4596+568-1678+534-564EfE-1698+532-562+536iJiEfE-1696EfEfEkJfEfEfJfEgEiEkEfJfE-566+530fEfEfE-1700MfHgHnMnM-1722+508oP","mapping_code":"7_5_9_2425397343","state":1},{"key":"3","name":"3","code":"+4594-4572+564-1672+532cEc+536-1694Fc+534cHcH-562F-1696HcFiHjFiFiF-560FiHcHjHjHcFiHcFiHcFjHcHcFjHjKjHjHjH","mapping_code":"7_6_9_2425381023","state":1},{"key":"4","name":"4","code":"+4600-4596+566-1670+534-564+536-562G-1694GfEf+530cEfEiGhGhE-1696GhEfGhEfGfEfEfE-1698EhGhGhGh+540-1690GkEiGhGkEkEkEkG","mapping_code":"7_8_9_2425360623","state":1},{"key":"5","name":"5","code":"+4568-4570+564-1670+536c+532-562E-1696Ec+534cIcEgEhIcEcIhEgIcEcIgI-1700+530-566IcIhIgEgIcIcIgIhIhEgIhI-1694EmEhI","mapping_code":"7_9_9_2425393263","state":1},{"key":"6","name":"6","code":"+4572-4588+568-1672+536-564+534fG-1696G-562EiEfGfGhGfGfGhEiGfGf+560-538GiEhGfG-1698GfEiGiEiEhEiGhEfGhGhEhGhG","mapping_code":"7_10_9_2425376943","state":1},{"key":"7","name":"7","code":"+4568-4586+568-1670+560-538+536-564+534-1696IhIhIhIhIjI-562GhIjIhGkIhIhIhIhIjIjIhIhIhI-566Ij+532jGkIlM-1698MnM-1700MnM","mapping_code":"7_12_9_2425368783","state":1},{"key":"8","name":"8","code":"+4570-4596+566-1674+534-564Ef+536-1696GfEc+530fEfE-1698+532cE-562GhEfEcIcI-568I-1700K-588+510nI-1720PmI-590+508rSoPoP-1714+518oSrS-1722SvS-1724SvS","mapping_code":"7_13_9_2425401423","state":1},{"key":"9","name":"9","code":"+4536-4654+566-1680+534-564E-562+536-1696EfEgHfHgHiEgHfE-1694HfEfHgHgHgHjHiHjHgHfEfEfEiEfEfEfE-1698EkEiEk+532","mapping_code":"7_14_9_2425385103","state":1},{"key":"MUTE","name":"MUTE","code":"+4652-4646+572-1684+536-1696+532-1698+534-564I-562IjIjIkE-1694EfIfIjIjIjIjEjIfIlEhIfEjIkEkIjIjEkEkEkEfIfElIfI-48602+4568-4600K-540I","mapping_code":"7_15_7_3772837903","state":1},{"key":"EXIT","name":"EXIT","code":"+4572-4576+564-1670+534cE-562+512-1722EcEf+536cIfI-1696IfEcEjEcEcIfEfIcEcI-1694EjEcIjEcEcEjE-1698EfIfIkIfIk+560-1672E","mapping_code":"7_44_9_2425369803","state":1},{"key":"DISPLAY","name":"DISPLAY","code":"+4564-4664+596-1664+534-562+536-564E-1696GhEfGfEhEiEfEhG-1694GhEhEfGhEiEiEiEiGiEhEhEhEhEhEhEhEhE-1698Ek+532kE","mapping_code":"7_31_9_2425419783","state":1},{"key":"GUIDE","name":"GUIDE","code":"+4570-4572+564-1670+534cEcE-1696+536cG-562GhGhEfEcEhG-1694EcEhGcEhEfGiGfGfEhGhGfEhE-614EcEhGhEfGfEcEfG","mapping_code":"7_79_9_2425418253","state":1}],"_id":"SpWgMkHOqIruTx7P"}
