{"category":"TV","brand":"SAMSUNG","model":"757","type":1,"version":"1.0","create_date":1689044225844,"protocol":"SAMSUNG","map_code":[{"key":"POWER","name":"POWER","code":"+4586-4540+570-1668+534-564E-560+536-1688E-562Ej+532jEfEiEfEjEiEjEjEjEjEjEiEjEjEjEjKjEjE-1690EjK-1694+530-1692ElElHiElK","mapping_code":"7_2_9_2425372863","state":1},{"key":"MENU","name":"MENU","code":"+4558-4556+564-1662+534-562EfE-1688EfE-560EfEh+536-1690EfEfEjEfEfEfEc+532fEjEfK-1692EjEfEcKfEj+558-538KjEcKcKjKlKjK","mapping_code":"7_26_9_2425378983","state":1},{"key":"VOLUME_UP","name":"VOLUME UP","code":"+4582-4578+568-1666+534-562EfE-1688E-564+558-538EfE-560+536gEfEfEgEfIjEfLk+556-1668EgE-1692+532fEfEfPhPhIjEfEfE-1690Eo+530oPqEqE","mapping_code":"7_7_9_2425413663","state":1},{"key":"VOLUME_DOWN","name":"VOLUME DOWN","code":"+4554-4588+564-1678+534-562+532fE-1690E-560+536fGfGfJ-1688JiEfEhEfEfEfEfEhGhEcEkEcGcEfEcEfGfEhJfEhEhEhEhE","mapping_code":"7_11_9_2425409583","state":1},{"key":"CHANNEL_UP","name":"CHANNEL UP","code":"+4580-4560+564-1682+534-562+532f+536-1690E-560EfEfEfEiEfEfEi+558-540EjEfHfEfE-1692EfEfEiEfEfEfK-1666EfEiEiK-538EiEiE-1688E","mapping_code":"7_18_9_2425374903","state":1},{"key":"CHANNEL_DOWN","name":"CHANNEL DOWN","code":"+4556-4626+566-1686+536-560+534-562+556-1666GhGhGhGhG-1690+548-546EhGkGhGhGhGhGhGh+558eEhGkGfN-538GhNjGkG-1688GkGhGpEpGkG","mapping_code":"7_16_9_2425358583","state":1},{"key":"UP","name":"UP","code":"+4580-4566+564-1664+534-562E-618E-1688EfEfE-560+536fEhEfEfEhJfEf+532cKfJfKcKcKcEfK-1690+556-1668KfEl+558-1666ElElK-1692KcKfJlE","mapping_code":"7_96_9_2425358073","state":1},{"key":"DOWN","name":"DOWN","code":"+4556-4562+562-1664+534cEc+558-1666EcEcEcE-560+536-1690EcEc+532-1692EcEcK-564EcKjEcKcF-540KmKjEl+530mKmElKlKlKl+556-542OmKlO","mapping_code":"7_97_9_2425390713","state":1},{"key":"LEFT","name":"LEFT","code":"+4586-4588+562-1664+532c+558-538+534-1688HcHcH-560Hc+536-1690HcH-564HlHcHmHjHcHlHcE-1692HmEcHlHlHcHmHlHcHlHlHcEmEnE","mapping_code":"7_101_9_2425398873","state":1},{"key":"RIGHT","name":"RIGHT","code":"+4526-4620+568-1668+532-562+534fE-1690GfG-564EfGfGhGfGiEhGfEfGfGf+550-548EhE-566Ei+554-540E-1692+556dEl+530-1694QiEoEoQrQ-588+508sT-1716E","mapping_code":"7_98_9_2425374393","state":1},{"key":"0","name":"0","code":"+4558-4572+536-1712+550-546+534-560H-1664G-562GhCjGhC-1688Gj+558cGkG-564+532jGhCjLiGjNmNjG-1690GjGjGjNmGoNoGoNmGkGoCkG","mapping_code":"7_17_9_2425391223","state":1},{"key":"1","name":"1","code":"+4552-4584+536-1714+534-562E-564+532-1690EgEfHgEfEiEfEfEiHfHgEgHgHgHgH-1692Hg+530gHgH-566KgHjK-1694+554-542KjNj+506-1696+528-1716KjH","mapping_code":"7_4_9_2425364703","state":1},{"key":"2","name":"2","code":"+4558-4730+564-1664+534-562+558-540+532-1690If+536fEfE-560EjEfElKjElElEfEfEjKfEj+556hE-568+528fEfEfIfEjEfEjI-1692IpIpIpI","mapping_code":"7_5_9_2425397343","state":1},{"key":"3","name":"3","code":"+4550-4576+562-1666+534cE-564+532-1690EcEcEcEcE-1688EcEcEhEcEcE-560EcEcEhEhEcEcEcEcEcEhGcEcJ-1664EhEhEi+536iE","mapping_code":"7_6_9_2425381023","state":1},{"key":"4","name":"4","code":"+4580-4586+566-1664+534-562Ef+536-1688E-560I-538+532fE-564E-1690EfEfEmEiGfKlKfEf+558jEfK-1692KfEfKlNjEmEmEmEfEmKmEhEmE","mapping_code":"7_8_9_2425360623","state":1},{"key":"5","name":"5","code":"+4552-4568+562-1664+534cEc+532-1692FcEcFcEcE-1690EcEcEhEcEcEcE-564FgFiFiFhFiFi+558-538Fi+582-584+508gF-1694+530-566P-1716N-1696+552-1672TgN","mapping_code":"7_9_9_2425393263","state":1},{"key":"6","name":"6","code":"+4554-4596+568-1666+534-562EfE-1690Ef+536-560Ef+558-540+532gEfL-564EgHiEfEfEfEfEgHfEgEfEfJhJkEgEf+556-1670N-538LgEgEgE-1688E","mapping_code":"7_10_9_2425376943","state":1},{"key":"7","name":"7","code":"+5186-4568+564-1664+534-562+532cG-1690+558-538EfEcGfG-1692EfGcGkEfE-560EcGcGf+536lEhEhEfEfGcJ-578GhEhMfEfEhEhEhEhG","mapping_code":"7_12_9_2425368783","state":1},{"key":"8","name":"8","code":"+4582-4586+568-1662+556-538+536-562+534-1690IhI-564IhIhIjIhI-560IjIh+532hIhIhI-1688GhInGjIhIhIh+558fIhIjIhIhO-1666IjIjIjI","mapping_code":"7_13_9_2425401423","state":1},{"key":"9","name":"9","code":"+4554-4608+536-1722+558-538+534-562C-1688Gh+560gGhGhG-1690+532hGhGiG-564EcGhGhGhGiCkGkGhCjCjGhF-1684GhGhGjL-1692GkGkE-1666G","mapping_code":"7_14_9_2425385103","state":1},{"key":"MUTE","name":"MUTE","code":"+4562-4552+566-1662+534-562+532fE-1690E-564EfE-560EiEhGfEfE-1688EiEfEfGiGhEhEhEhEfJ-536EfEfEfEfLfEiGhEhEhE-1692+556","mapping_code":"7_15_9_2425417743","state":1},{"key":"INPUT","name":"INPUT","code":"+4558-4542+576-1662+536-1688+534fG-562GhG-560E-548JhGfEfG-1690G-518+580-538+556-552+542h+614-484Gf+558nTnGhGh+532hGo+540hTnGfT-1666T-1664GkEfGkGfE-48456+4580-4546+562-520+550","mapping_code":"7_1_7_3772809343","state":1},{"key":"EXIT","name":"EXIT","code":"+4556-4586+566-1674+534-562EfE-1690+558-538+614iEfEfEgEf+532-564Eg+556-540KfElKlEgEfE-1692+554-1666KlKoKc+530lKcRgMh+516-588+508-1694RtU-1716UwU","mapping_code":"7_45_9_2425402443","state":1},{"key":"DISPLAY","name":"DISPLAY","code":"+4560-5174+586-1666+534-1688+536fG-562E-560EhE-564EhE-1690+532kEkEjLhGiEhEiGfLkEk+558dLkEhGhEhEhEhM-538MnEjLkEkH-1664G-48430+4552aHnE","mapping_code":"7_31_7_3772839943","state":1}],"_id":"mzdHjjb3Tr80rquG"}
