{"category":"TV","brand":"TCL","model":"1132","type":1,"version":"1.0","create_date":1688978161969,"protocol":"TCL","map_code":[{"key":"POWER","name":"POWER","code":"+4594-4590+566-536+534-562E-564D-1696EgEgEfDgEgDfDfDhDfEfDgDfEhEgE-1694DhEhDfEfDfEgEhDgEfDfDhDhEhE","mapping_code":"7_29_8_269531207","state":1},{"key":"MENU","name":"MENU","code":"+4600-4616+572-550+536-562+534fE-1696EfEfG-564GfEiGiEfEhGiEfEfEfEhGiEfGfGhEiGfEfEfGhEhE-1694GfEjEhGhG","mapping_code":"7_17_8_269518967","state":1},{"key":"VOLUME_UP","name":"VOLUME UP","code":"+4566-4584+564-536+534cD-560+538-1694D-562DcEiEcEiDiDiD-1696EfDiDiEc+532jDiE-1698EjEcEcEcDiDiDjEcEiDjDhEjEjD","mapping_code":"7_13_8_269529167","state":1},{"key":"VOLUME_DOWN","name":"VOLUME DOWN","code":"+4600-4548+564-536+534-562DfD-1696DfEcE-566EcEcDfDf+560-1670DcDfEcEcEcEcD-1694DgDfDc+556-540DcEgDgEcEfE-1698EnEgDgE","mapping_code":"7_12_8_269496527","state":1},{"key":"CHANNEL_UP","name":"CHANNEL UP","code":"+4570a+564-538+536-562+534-566F-1696FbDeFbFbDbFeFeDhDeDeFbFbDbFhDhFhFbFbDbFeDhDeDbDeFhD-1694DhFhF","mapping_code":"7_14_8_269512847","state":1},{"key":"CHANNEL_DOWN","name":"CHANNEL DOWN","code":"+4858-4636+568-536+534-564E-562E-1696DgDfEfEgDfEfEgDhDgEfEfEfEhEhEhEhEf+538-560EfEfDgDfEfEfEhE-1694DhEhF","mapping_code":"7_15_8_269545487","state":1},{"key":"ENTER","name":"ENTER","code":"+4572-4590+572-542+534-562+536-564E-1696EfEhGhEf+560-538EfEhEiGhGfGfGhG-1694EiEiEiEiE-1698EiEiEhEhEh+532-566EhEhEhEhE","mapping_code":"7_255_8_269549312","state":1},{"key":"0","name":"0","code":"+4566-4590+564-538+534cE-562+536-1694DfEcEcGfGfGcEcE-1696GfGfEcEcEiEcEcEiEcGfGfEcEcEiE-1698EcEjEiGhGiE","mapping_code":"7_9_8_269521007","state":1},{"key":"1","name":"1","code":"+5094-4628+574-542+534-564Ef+536-1694EfG-562GiGfEfEiGiG-1696EfGiEfEfGiGiGfGiGiGiGiGiGjEjGjEjEjEjEjEjE","mapping_code":"7_0_8_269484287","state":1},{"key":"2","name":"2","code":"+4572-4596+592-524+534-562+536fE-1696E-560+538fJfGfGf+510-588E-564E-1698EmEfGmEmEhEfGmEfGmGfEmEmGmEhG-1694EhGoGhGoEhJ","mapping_code":"7_1_8_269516927","state":1},{"key":"3","name":"3","code":"+4596-4580+562-538+536cE-564+534-1696EfGfGcEcEcEfGfEhEcEcGfGfGfGhEfEfGfGfGfGfGhEfGhG-1698GhGiGi+532-1700J","mapping_code":"7_2_8_269500607","state":1},{"key":"4","name":"4","code":"+4576-4566+568-534D-562D-564+558-1672De+536fDeIeDeIfDeI-1696DfDeDfDfI-1694IkDe+538eIfDfDfDfI-560LfDjDjDjIkIjDkI","mapping_code":"7_3_8_269533247","state":1},{"key":"5","name":"5","code":"+4564-4636+568-560+536-562+534-564E-1696EfEfEfGfEfEhGfE-1694EfEhGfEfEfEhEjEfEfEhGfEfGiEjEhGjEiEjEiGiE","mapping_code":"7_4_8_269492447","state":1},{"key":"6","name":"6","code":"+4596-4546+564-536D-562Dc+534-1696DcDeFcFcFcFcFcFgFeDcFeDeD-1694FcDgFeD-560+538eDeFcDeFgDcDhFgDgFgDgD","mapping_code":"7_5_8_269525087","state":1},{"key":"7","name":"7","code":"+4538-4632+564-538+534-562+536cG-1694EcEcGcEcG-560GfGfG-1696EfGfGcGfEfGjGjGfGfEcEcGfEjGcEfGjE-1698GhEjDhG","mapping_code":"7_6_8_269508767","state":1},{"key":"8","name":"8","code":"+4570-4598+598-510+534-564+560-538+536-1694I-562IkIkIkEfEfIkI-1696IkIkIkIfElElElEkIfIkIfEfIkIkIfElElElIjElI","mapping_code":"7_7_8_269541407","state":1},{"key":"9","name":"9","code":"+4702-4580+564-536D-562Dc+534-1696FcDeDeDeDeDeDcDgFcFeDcFeDcFcDcFgDeFcDcFcDgFgFgDcFgF-1698+532hFgD","mapping_code":"7_8_8_269488367","state":1},{"key":"MUTE","name":"MUTE","code":"+4542-4614+564-538+534-560D-562+536-1694HgHgHgHgHgHgEgH-1696EcEgEgHgHcEcEcEiHiHcEcEcEjE-1698EjEgHcEkEjEk+532","mapping_code":"7_24_8_269490407","state":1},{"key":"INPUT","name":"INPUT","code":"+4622-4574+654-512+536-562+534fF-1670EfEfEfE-564GiGiGiE-1696GiEfGiGiE-522+576-1694Em+558-540EjGfGiEfEmEfEfGjGiEjEmEjE","mapping_code":"7_22_8_269510807","state":1},{"key":"LAST","name":"LAST","code":"+4542-4626+562-538+536cEcE-1696+534-564EcEcEhEcEcEcGfGhGhEcEcE-1694EfGhGfGcEcDcGhGhGhG-1698GhGfGfGfGfG","mapping_code":"7_11_8_269537327","state":1}],"_id":"SZ6WaUtTZu8kFGci"}
