{"category":"TV","brand":"TCL","model":"1142","type":1,"version":"1.0","create_date":1688978348188,"protocol":"TCL","map_code":[{"key":"POWER","name":"POWER","code":"+4594-4574+564-1670+536-1696E-1694E-562+534fEcIcIcIfEfI-1698IcEfIhEhEhIhEfIcEhIcEcIhEcIfIcIfIfEfIjIfIfI-46332+4620aC-540I","mapping_code":"7_2_23_3907535039","state":1},{"key":"MENU","name":"MENU","code":"+4540-4608+566-1668+534-1696Ef+536-562GfEhGhGhEfG-1694GfE-564EfEjGhEhGhEfEjGiEfGjEjEjEfEhGfEj+532jGfEfG-1700+522-46362+4622a+568eG","mapping_code":"7_26_23_3907541159","state":1},{"key":"VOLUME_UP","name":"VOLUME UP","code":"+4598-4640+594-1668+534-1696EfE-564E-1698EgEgEgEfEfEfEgEf+536-562IjIj+538-1694EhIlEgEjEgEjIgEjIgEgEf+532hEfEfEfE-46358+4566-4586JkE","mapping_code":"7_7_23_3907575839","state":1},{"key":"VOLUME_DOWN","name":"VOLUME DOWN","code":"+4540-4618+568-1668+560-1672+534-1696+536-562GhG-564GjIjGhI-1694IhIjIhGkGkGkG-1698+532mGkIhIjGkIjIjGkGkGhGjIhIhGhIlI-46346+4566-4586J-540G","mapping_code":"7_11_23_3907571759","state":1},{"key":"CHANNEL_UP","name":"CHANNEL UP","code":"+4626-4620+596-1642+534-1696+536-1700+528-566E-1698E-562G-564EmEfGfG-1694GmEfGlEmGlEmEfElEmEfEjEmElGfEmEfEkEm+532kEfEkO-46314+4564-4578+560-542O","mapping_code":"7_18_23_3907537079","state":1},{"key":"CHANNEL_DOWN","name":"CHANNEL DOWN","code":"+4602-4598+566-1668+534-1696+536fG-564E-1694E-562EhGjGiGfEfGjGfEhEhEjGhEhEj+560gGfEhEjEc+532fEfEfEfGhEfEfGfE-46370+4594-4562H-540E","mapping_code":"7_16_23_3907520759","state":1},{"key":"ENTER","name":"ENTER","code":"+4572-4624+540-1720+536-1696+618-1666E-562+534fEiJ-564J-566J-1694EfJfJkJf+532kJiEiEfJiEmEiEfJkJiEiEiEfJiEfJkJfEfJfN-46308+4564-4574IcJ","mapping_code":"7_21_23_3907561559","state":1},{"key":"0","name":"0","code":"+4546-4688+570-1680+536-1696+534fE-564GfE-562EiEiEfE-1694EfGhGfEhGhEiEjGhEhGiEfGiE-568+528hEiEfGf+532-1698GhGfGfEfG-46342+4592-4626+576lG","mapping_code":"7_17_23_3907553399","state":1},{"key":"1","name":"1","code":"+4600-4590+564-1670+534-1696+536-1694GcEfEcEcEcEfEhGhGcGfEcEcGcGc+532cE-1698Ec+558-540EcE-562EcEjEfEcGfGfEfEjEfE-46356+4598-4608+592gG","mapping_code":"7_4_23_3907526879","state":1},{"key":"2","name":"2","code":"+4570-4574+564-1670+536-1696+534fE-562EfGcGcEhE-1694GfGfG-566GfGhGcEcG-1698Gc+532kGcGjGcGcGjGcGfGcGfGfGfGkL-1700L-46340+4564-4632H-554L","mapping_code":"7_5_23_3907559519","state":1},{"key":"3","name":"3","code":"+4600-4582+568-1666+536-1696+534-1698G-562E-1694GiEiG-564GfEjEf+560-538EfGiEiEiEiEjGfEkGkGk+558mGkGfEiEiGfEfEjEjEjE-46332+4574-4586+570-546G","mapping_code":"7_6_23_3907543199","state":1},{"key":"4","name":"4","code":"+4556-4614+564-1670+536-1646+584-1694E-562+534-1698JcJiEcE-1696ElJlEiJlJcEcJiEiEiJc+532kJcJcEiEcJl+560dElEiElJlElElJ-46344+4570-4618+566eJ","mapping_code":"7_8_23_3907522799","state":1},{"key":"5","name":"5","code":"+4574-4566+566-1668+536-1694EfE-562E-1696+534-564IjEgEhIhEhIgIhEjIjIjEfIcIgEfEgEgIjIjIjIhEhEjIfEhEf+538fI-46360+4652-4642JkI","mapping_code":"7_9_23_3907555439","state":1},{"key":"6","name":"6","code":"+4596-4618+570-1674+534-1696Ef+536-562G-1694GhG-564EhGiGiGfEjEfEhGjE-568+532hEfEjGfEhEjEjEjEfEhGfEjEfEfGfEfG-46334+4624-4602H-538E","mapping_code":"7_10_23_3907539119","state":1},{"key":"7","name":"7","code":"+4572-4594+568-1680+534-1696EfE-564Ef+536-562HgEiEfHfEfEgEfEgEiHiHgEiEfHfHiEgHi+538iEfH-1694HiHi+558-1672HfHkHfH-46330+4566-4584+588-514H","mapping_code":"7_12_23_3907530959","state":1},{"key":"8","name":"8","code":"+4566-4594+564-1670+536-1694E-1696E-562Eg+534cEhEhIgEfEgIcI-1698IcIcIhEgIcIgIgEhEhEhEhIhEgIcIhEgIgEfEgI-46340A-4648+568-552+538","mapping_code":"7_13_23_3907563599","state":1},{"key":"9","name":"9","code":"+4536-4634+600-1652+536-1694E-1696E-562Ef+538hEhEh+534gEfEfE-564JfEhEkJhEhJgEfEgJkJhIhJkJgEkJkJhEfEgEfEgJ-46322+4544-4600KiE","mapping_code":"7_14_23_3907547279","state":1},{"key":"MUTE","name":"MUTE","code":"+4572-4574+564-1672+534-1696EfE-562+536fEcHgHcEfHfH-1694HgEfHgHcEcEiHgHcHcEgHg+540-558HcHgEfEfHfEfEfHfEfH-46340+4566-4620+592-522H","mapping_code":"7_1_23_3907551359","state":1},{"key":"INPUT","name":"INPUT","code":"+4546-4638+538-1728C-1696+534e+536-564FeG-562GhGiFeG-1694GeFhFeGiGiGhGiGeFeFeFiGeGiGiFeGhGiGiGjGiGeGjG-46310+4568-4572HcG","mapping_code":"7_46_23_3907548299","state":1}],"_id":"k2Jo0N0Msk3hY5sr"}
