{"category":"TV","brand":"TCL","model":"1557","type":1,"version":"1.0","create_date":1688631889461,"protocol":"TCL","map_code":[{"key":"POWER","name":"POWER","code":"+974-838+1822-854+936-848+934-852GfG-850Gi+932h+930-1748Jd+1796-882+928","mapping_code":"1_12_0_12","state":1},{"key":"MENU","name":"MENU","code":"+980-830+936-848+1806-872Cd+912-874+934-850CjC-1742+1804fC-1746L","mapping_code":"1_18_0_2066","state":1},{"key":"VOLUME_UP","name":"VOLUME UP","code":"+972-836+1798-880+932-852Ef+930-854+904d+928-856I-1774+1794-884Il+1796","mapping_code":"1_18_0_18","state":1},{"key":"VOLUME_DOWN","name":"VOLUME DOWN","code":"+980-834+1804-874+936-848Ef+934-850EfEfG-1744+1802-876EfE-1742E","mapping_code":"1_17_0_17","state":1},{"key":"CHANNEL_UP","name":"CHANNEL UP","code":"+982-832+938-846+1828-850CdCd+936-848CdC-1742+1804-1768+920-864J","mapping_code":"1_22_0_2070","state":1},{"key":"CHANNEL_DOWN","name":"CHANNEL DOWN","code":"+952-856+936-848+1826-852Cd+934-850GhGhG-1742+1800-1774Jk+932","mapping_code":"1_21_0_2069","state":1},{"key":"UP","name":"UP","code":"+952-858+1802-878+936-848+934-850E-846+938iEhE-1740+1826-1748Eh+1824","mapping_code":"1_22_0_22","state":1},{"key":"DOWN","name":"DOWN","code":"+982-832+1802-876+940-844+936-848Gh+934hGhI-1744+1826-1752K-1748G","mapping_code":"1_21_0_21","state":1},{"key":"0","name":"0","code":"+1054-840+1826-852+934-848+936fGfG-850EhGfEhGfEhGfG","mapping_code":"1_0_0_0","state":1},{"key":"1","name":"1","code":"+956-858+932-850+1804-876+936-848GhGhGh+938hGh+934dG-846GdJ","mapping_code":"1_0_0_2048","state":1},{"key":"2","name":"2","code":"+956-856+1804-878+932-848+936f+934fG-850E-852EiGfGf+938-846G-1744H","mapping_code":"1_1_0_1","state":1},{"key":"3","name":"3","code":"+954-858+936-846+1804-874C-848Cd+938g+934-850IgCgIj+932-1746+1824","mapping_code":"1_2_0_2050","state":1},{"key":"4","name":"4","code":"+982-828+1806-876+934-848+996-840+938-846Ij+936fE-850IjKlK-1742ElI","mapping_code":"1_3_0_3","state":1},{"key":"5","name":"5","code":"+974-834+1826-852+934-848+936fGfG-850EhEf+932dE-1744+1822-1756G","mapping_code":"1_5_0_5","state":1},{"key":"6","name":"6","code":"+950-860+934-850+1824-852+936-848GhGdCdChGdC-1742+938-846+1828","mapping_code":"1_6_0_2054","state":1},{"key":"7","name":"7","code":"+978-836+936-848+1824-856+932-850G-852GhGh+934hJiG-1744Jh+928fG","mapping_code":"1_7_0_2055","state":1},{"key":"8","name":"8","code":"+956-856+1806-872+934-852E-850+932fEg+936-848EfI-1744+1824-854EfE","mapping_code":"1_8_0_8","state":1},{"key":"9","name":"9","code":"+978-836+936-846+1826-852C-848CdCgC-850Cg+934-1744E-854IgC","mapping_code":"1_8_0_2056","state":1},{"key":"MUTE","name":"MUTE","code":"+980-832+1828-848+938d+936dE-846FdEgFdF-1742+1808-872+934-1746F","mapping_code":"1_9_0_9","state":1},{"key":"INPUT","name":"INPUT","code":"+974-836+934-850+1824-856+932dGdG-852G-1746+930-854Gk+1796-882+904-880N","mapping_code":"1_56_0_2104","state":1},{"key":"STOP","name":"STOP","code":"+982-830+1828-852+936-846+938-848+934-850EjIhE-1744Ej+1800-1772IjE","mapping_code":"1_27_0_27","state":1},{"key":"SLEEP","name":"SLEEP","code":"+976-832+938-846+1806-876+936-848+934-850GhCdC-1742Ij+1826-1778+980-824G","mapping_code":"1_27_0_2075","state":1},{"key":"LAST","name":"LAST","code":"+954-858+1802-876+910-874+934-850Gh+906-878G-1742+1804-1770C-1772G-848+938","mapping_code":"1_43_0_43","state":1},{"key":"DISPLAY","name":"DISPLAY","code":"+978-836+938-844+1826-854+934-848+936-850+932jGjK-1746+1798-1774K-852+930oP","mapping_code":"1_23_0_2071","state":1},{"key":"PIP","name":"PIP","code":"+952-854+1830-848+938d+934dEd+936-846G-1742+1842hF-850FdGiG","mapping_code":"1_33_0_33","state":1},{"key":"GUIDE","name":"GUIDE","code":"+954-858+936-846+1824-852+938dGdC-848GdG-1742+1828fCiGhG","mapping_code":"1_19_0_2067","state":1}],"_id":"AJK3B8FNVNp5weAT"}
