{"category":"TV","brand":"TCL","model":"1582","type":1,"version":"1.0","create_date":1688978587141,"protocol":"TCL","map_code":[{"key":"POWER","name":"POWER","code":"+2440-614+1196b+590-616+1194b+588b+1192eGeGeFeFbFbHeG-25068+2464-654HeGeHe+586-618HbGmLeFbFeHmH-640+564","mapping_code":"4_21_15_2718","state":1},{"key":"MENU","name":"MENU","code":"+2446-608+590-614+588-616+1192fEdCfEdCf+1194dHfGdHfE-24226+2412-650CfEdHfEfEfEfEd+1196dHdHdHdE","mapping_code":"4_4_15_542","state":1},{"key":"VOLUME_UP","name":"VOLUME UP","code":"+2446-608+1168-642+588-616+1192-614+1194h+1170-638+1196hEfC-640IfG-618+1190fE-24214+2468-576GhFeIfIfIfIhEfIhIfIhIfE","mapping_code":"4_61_15_3038","state":1},{"key":"VOLUME_DOWN","name":"VOLUME DOWN","code":"+2460-584+1194-616+588d+1192-614+1170-640+1168-638Eg+590dJiHkCgHiE-24176+2406g+1196gLg+1188-622CgHkLdEgO-612OdH-636CdE","mapping_code":"4_29_15_2974","state":1},{"key":"CHANNEL_UP","name":"CHANNEL UP","code":"+2450-604+1196-614+590-616+1170-638+1194dEdIf+586-618IdIdIdId+592-24222+2412-652If+588fIf+1192dDlQfJfIdIdIdIdP","mapping_code":"4_45_15_2910","state":1},{"key":"CHANNEL_DOWN","name":"CHANNEL DOWN","code":"+2438-616+1196-614+588b+1194dFdEbEdEdFbFb+1192bF-612+592-24206A-618Fb+586dFdFbEbEbEbFdFdFdFd+590","mapping_code":"4_13_15_2846","state":1},{"key":"ENTER","name":"ENTER","code":"+2446-610+588-616+590-614CfEdCdE-612Ef+1194fHd+1170-640HgE-24180+2406fEdEf+592fCfEfEfCf+1196d+1192fHdHdF","mapping_code":"4_0_15_30","state":1},{"key":"0","name":"0","code":"+2442-612+1196-614+1194d+588-616+590gFdHdHgEd+1174-636EdEgF-24510+2464-644EdEdHdFgHdHdHdEdI-638EgEbH","mapping_code":"4_3_15_3102","state":1},{"key":"1","name":"1","code":"+2458-560+1246-612+1194-614+590fG-616GhEfGfE-610+1196-618EfJd+588-24244+2460-608EfEfLhGfLfEhLhEfEfEf+1182-628G","mapping_code":"4_35_15_3166","state":1},{"key":"2","name":"2","code":"+2444-612+1192-616+1194d+588-614+590g+1172-638FgHgEb+1196gC-618CdH-24276+2460-608EdKdFdFdCdFdFdEgEdCgEdF","mapping_code":"4_19_15_3230","state":1},{"key":"3","name":"3","code":"+2464-590+1194-614CdB-616+588e+1192d+1196-612FeGeCdCdCdB-24242+2434-650CdCdFeFeCdHiFeGeCdCdCdB","mapping_code":"4_51_15_3294","state":1},{"key":"4","name":"4","code":"+2466-590+1196-614+1194-616+588dEdFbBfGfEd+1192fHfEdB-24226+2434-632Hd+1220dGfEdBfGfGfEdEfHfEf+586","mapping_code":"4_11_15_3358","state":1},{"key":"5","name":"5","code":"+2444-612+1194-614+1170-638+588d+1172f+590d+1220iId+1198bCd+1192-616CdG-24210+2442-602+1196dCdGmCdGmCdIdCdCdHfCdI","mapping_code":"4_43_15_3422","state":1},{"key":"6","name":"6","code":"+2442-612+1194-616+1192-614+590fCdCfGfGfCdCfCfCf+588-24192+2440-598EdCfGfCfCdHf+592fCfCdEfCfH","mapping_code":"4_27_15_3486","state":1},{"key":"7","name":"7","code":"+2444-608+1170-638+1196-612+590-616+1190h+1194h+1192hG-614C-640C-636CdJlG-24236+2460-610Cm+1168m+588l+1172dJhJh+586lTdCmKhCdS","mapping_code":"4_59_15_3550","state":1},{"key":"8","name":"8","code":"+2440-614+1194bCb+1196-612+616-590Gb+588fGbCbCb+1170-638CbG-24206+2438-608+1168-640+1192fCbHbGbGbGfCfCbCbCbG","mapping_code":"4_7_15_3614","state":1},{"key":"9","name":"9","code":"+2462-620+1196-612+1194-614Ef+588f+590fEfHfE-616+1192fCdEiG-24238+2436-626+1218hEdCfIfGiEiGiJ-618JiJiJiG","mapping_code":"4_39_15_3678","state":1},{"key":"MUTE","name":"MUTE","code":"+2468-588+1192-614+1194dEd+1196d+1220bF-612B-616EiEdEdFdB-24214+2436dEdEdEdEdEiEiBiCiEiC-618Ci+586","mapping_code":"4_63_15_4062","state":1},{"key":"INPUT","name":"INPUT","code":"+2458-596+1194-584+620-614+590-612GfC-616CfGfCiCf+1196hJ-588F-24274+2468-608CfKfKiGiCfCiKiCfCi+1192fCiK","mapping_code":"4_49_15_2270","state":1},{"key":"LAST","name":"LAST","code":"+2464-588+1194-614+590-618+584-616Ch+1192hCdEdCd+1196dCdCdE-24238+2458-612ChBhBhCdIhIhBfChIhIfI-640B","mapping_code":"4_57_15_2526","state":1}],"_id":"s00ZywIuhdZy6FZ3"}
