{"category":"TV","brand":"TCL","model":"1587","type":1,"version":"1.0","create_date":1688978766888,"protocol":"TCL","map_code":[{"key":"POWER","name":"POWER","code":"+2440-638+1170-616+590-614Ef+1194fGf+1196f+588fGdGfGf+1192dI-24198+2436-604GfEdIdH-612GfGfEdGfHnHfG-618N","mapping_code":"4_57_15_2526","state":1},{"key":"MENU","name":"MENU","code":"+9128-4576+566-536D-562D-1692DeDe+540-560+532eE-538DeDeD-1694D-564+534eJeDhDlDeDkDeDkJeDhJlMeJkDhJfDeJkDfJkJkD-40492+9156-2318+568","mapping_code":"3_10_1028_538988719","state":1},{"key":"VOLUME_UP","name":"VOLUME UP","code":"+9152-4560+564-538+536-562E-1696+534fEfEcH-568+530-560EfEfEgHfEfEfHcEfHcEfHcEcHfEfE-1694EfElElHgEgEgHgHcHlK-40464+9150-2336F","mapping_code":"3_64_1028_538968829","state":1},{"key":"VOLUME_DOWN","name":"VOLUME DOWN","code":"+9156-4590+568-534+536-564E-1696DfE-562EhEhEfDh+538-560I-1694EfEjEhEfI-558I-1692EhIkDhIgEjIhDhIfDgEjIkIhDgEgD-1698E-40496A-2286H","mapping_code":"3_21_1028_539011159","state":1},{"key":"CHANNEL_UP","name":"CHANNEL UP","code":"+9146-4568+566-534+538-560+536-1696EfG-562GfGiGiGfGiD-1694GiGiGiGiGiGjGjGhDjGjGiGiGiDiGiGiGiGiGhDhGjG-40460+9178-2286I","mapping_code":"3_31_1028_539031559","state":1},{"key":"CHANNEL_DOWN","name":"CHANNEL DOWN","code":"+9160-4568+564-536Dc+534-1696D-562DgDgDg+538gDgEgDfDcEg+560hDgEcEcEfEfEfD-1694DcDgDcEjDgDcDgDgDjDjDfD-40472+9152-2338G","mapping_code":"3_30_1028_538998919","state":1},{"key":"ENTER","name":"ENTER","code":"+9102-4604+562-540+536-564+534-1694EcEcGf+538cGfEcEcEhEcGcEcEcEcE-1696EcEjGjEcGcEfGfGfGjEf+558dG-1698Gl+532jGlG-40496+9148-2294K","mapping_code":"3_13_1028_539013199","state":1},{"key":"0","name":"0","code":"+9120-4590+564-538+532c+536-1696FcF-562FhFhFhDh+534hFgIhFhDhIhFhFgDhIgIhFcI-566EgIcIcIgIcIgF-1698EkE-588+510-1700+530-40492+9150-2336F","mapping_code":"3_69_1028_539009629","state":1},{"key":"1","name":"1","code":"+9182-4576+562-540+534-564+536-1694+538-560GcGjGjIfGcGcE-1696GcE-568+532cGcI-558D-1692GcGcGjGcGfEcGcGcGkGhGkEhIhGhIhE-40470+9154-2276C","mapping_code":"3_1_1028_539000959","state":1},{"key":"2","name":"2","code":"+9184-4582+570-534D-562+538-1694+536eH-560FhEeHeHeH-564+558-1670FiFiHeHeHeHiH-1696DeHjDeHjHeHeHmD-568+532gHm+540-1690HgFgHgH-40490+9182-2326J","mapping_code":"3_2_1028_538984639","state":1},{"key":"3","name":"3","code":"+9104-4604+564-536D-562D-1694+538-560DeDeDeGhDeDcDfDeDeGhDeDeDfD-1696DeDhGeDeDeDc+534eGhDfDfDfDfDiJfE-40464+9180-2324E","mapping_code":"3_3_1028_539017279","state":1},{"key":"4","name":"4","code":"+9150-4586+564-536D-562D-1694D-560+538gDeDeDeDcDeDf+534eDeDeDeDeIcDeHfDcIeDeDeDeDfDfDeDfD-1696IjIjDjD-40476+9154-2274C","mapping_code":"3_4_1028_538976479","state":1},{"key":"5","name":"5","code":"+9152-4646+566-562+534-564E-1696Ed+536fEdHdHfEf+532fEgHfEfEfEdHdE-1698EfIgEfEcI-588+510cIcIcI-1720LkLjImL-1722Ln+508nO-40502+9122-2284E","mapping_code":"3_5_1028_539009119","state":1},{"key":"6","name":"6","code":"+9102-4604+566-534D-562+536-1696D-560+538eFeFeFhIeDeF-1694Fe+512-584+540eFhFeFeD-1698FjF-564DeDoDoFeFjIhFeFgFjFjFjIjF-40490+9156-2312O","mapping_code":"3_6_1028_538992799","state":1},{"key":"7","name":"7","code":"+9158-4586+570-534D-562+560-1670+538fHfHe+536eIeIeI-564I-1694HeIfIeIeIeDkIkI-1696IeDjIeDjIjIfIfIjDlIlIkDlIlI-40470+9150-2330C","mapping_code":"3_7_1028_539025439","state":1},{"key":"8","name":"8","code":"+9126-4592+564-538+536-560D-1694E-562Ec+534hEhEhEhEhEgEhEhEhEhIhEhEhEhE-1696EhEhEhEhEgIjIjEhEjIjEjIgE-40484+9150-2316H","mapping_code":"3_8_1028_538972399","state":1},{"key":"9","name":"9","code":"+9156-4600+566-538+534-562+536-1694GfGfGfG-564EfEfGfG-1696G-560GiEiGfEiEhGfEi+540-1690EfGfDfGfGfEhG-1698EfGhGhGjG-1700+530-40474A-2272I","mapping_code":"3_9_1028_539005039","state":1},{"key":"INPUT","name":"INPUT","code":"+9154-4594+570-536D-562D-1694DeD-564DeDeDe+534eD-568+530-1696DgHeDeDeDgHk+558-540HgHgHgDgHkHgHgH-1698HkHnHkHn+532gHnO-40478+9174-2352D","mapping_code":"3_65_1028_539001469","state":1},{"key":"LAST","name":"LAST","code":"+9126-4670+570-580+582-534+536-1694G-562GiGi+538iF-564GiFiG-1696GiGiGiGiG-560GiGiFkFlGhGi+558jJiGhGhGhGiGiGhFlGlF-40464+9124-2284K","mapping_code":"3_24_1028_538974439","state":1}],"_id":"TPnCoC0sB5NW4cSz"}
