{"category":"TV","brand":"TCL","model":"1597","type":1,"version":"1.0","create_date":1688978917281,"protocol":"TCL","map_code":[{"key":"POWER","name":"POWER","code":"+918-896+1774-906+880d+876d+878dE-904EdGdE-1798EhChG","mapping_code":"1_12_0_12","state":1},{"key":"MENU","name":"MENU","code":"+916-898+880-906+1772-904+878fCfCfCd+876-1800EfC-1798E","mapping_code":"1_18_0_2066","state":1},{"key":"VOLUME_UP","name":"VOLUME UP","code":"+912-900+1774-904+880-906EdEd+878fE-902+882-1798+1776hG-1800+1772","mapping_code":"1_18_0_18","state":1},{"key":"VOLUME_DOWN","name":"VOLUME DOWN","code":"+914-898+1774-904+880dE-906+878fGdEdE-1800CdEfGhG","mapping_code":"1_17_0_17","state":1},{"key":"CHANNEL_UP","name":"CHANNEL UP","code":"+932-870+878-904+1774d+882-906+874g+880dF-902F-1852E-1800Ij+1776","mapping_code":"1_22_0_2070","state":1},{"key":"CHANNEL_DOWN","name":"CHANNEL DOWN","code":"+904-854+1822a+880aD-906+878eDaDaD-1798+1776-1796Da+1774","mapping_code":"1_22_0_22","state":1},{"key":"UP","name":"UP","code":"+940-872+878-906+1772d+880-902+882d+876dH-900F-1800+1774-1798L-1802F","mapping_code":"1_21_0_2069","state":1},{"key":"DOWN","name":"DOWN","code":"+912-898+1774-906+904-880+878eFdGdF-902+882-1828+1744-1800C-1856+914","mapping_code":"1_21_0_21","state":1},{"key":"LEFT","name":"LEFT","code":"+910-900+880-906+1772dC-902C-904+882bHd+878-1800+1774g+884fC-1798C","mapping_code":"1_17_0_2065","state":1},{"key":"RIGHT","name":"RIGHT","code":"+938-876+1774-906+878dEdEd+880-904EdF-1798CgFgFdF","mapping_code":"1_16_0_16","state":1},{"key":"0","name":"0","code":"+952-866+1774-904+880dEdE-902Ed+878-906GhGdEdEdEdE","mapping_code":"1_0_0_0","state":1},{"key":"1","name":"1","code":"+920-892+1774-904+880d+878dEdE-906FdEdEgFdEdE-1800F","mapping_code":"1_1_0_1","state":1},{"key":"2","name":"2","code":"+940-874+1774-904+880dEdEdEdEdEdEd+902eE-1800G","mapping_code":"1_2_0_2","state":1},{"key":"3","name":"3","code":"+940-874+1772-906+880d+878-904EgEdFgF-932Fg+882-902E-1800FdE","mapping_code":"1_3_0_3","state":1},{"key":"4","name":"4","code":"+912-898+1772-908+876-904+878-906Gh+880fIfIhG-902+882-1798+1774fI","mapping_code":"1_4_0_4","state":1},{"key":"5","name":"5","code":"+912-898+880-904+1774-906Cd+878d+882dCdGfGfG-1800+1776dC","mapping_code":"1_4_0_2052","state":1},{"key":"6","name":"6","code":"+936-872+1774-904+880-906+878dEfE-902EdEfGfG-1798+1776iG","mapping_code":"1_5_0_5","state":1},{"key":"7","name":"7","code":"+940-866+882-904+1774-902+880dCfCdG-906+876hHg+878-1800JhE","mapping_code":"1_6_0_2054","state":1},{"key":"8","name":"8","code":"+938-876+1774-906+878d+880-904FgFg+882-902+884-900FgF-1800FgEdE","mapping_code":"1_7_0_7","state":1},{"key":"9","name":"9","code":"+938-868+1774-904+880-902EdEdE-906Ed+878gE-1798+1772gE-1800+884","mapping_code":"1_9_0_9","state":1},{"key":"MUTE","name":"MUTE","code":"+914-896+880-902+1752-930+878-906G-904CiCdChG-1800+1772iC-1798C","mapping_code":"1_9_0_2057","state":1},{"key":"INPUT","name":"INPUT","code":"+906-900+1772-904+880aEd+878aE-902+882dFaF-1800Fd+1774-1798F","mapping_code":"1_13_0_13","state":1}],"_id":"uHgRQ83C9YnsZcxS"}
