{"category":"TV","brand":"TCL","model":"1607","type":1,"version":"1.0","create_date":1688981075725,"protocol":"TCL","map_code":[{"key":"POWER","name":"POWER","code":"+912-896+878-904+1776dC-906Cd+880dG-1798GdGfEdCfC","mapping_code":"1_56_0_2104","state":1},{"key":"MENU","name":"MENU","code":"+4568-4572+562-538+536-1696+534f+532-1698GcE-564EjGjGcGfD-1694GfGcGjGjEcEcEcGfGfC-1670GjGcEcEfGfGcEjGjGfGiHfG-48658+4592-4586+560-1672G","mapping_code":"7_28_14_1886402759","state":1},{"key":"VOLUME_UP","name":"VOLUME UP","code":"+4572-4574+562-538+534-1696EfEfEcE-564EgEgEcEfEfEf+536gEgEgE-566EfEfEgEgEfEcHcEgEgEcEfEfEgEfEfEfE-48606+4592-4562C-1672E","mapping_code":"7_19_14_1886439479","state":1},{"key":"VOLUME_DOWN","name":"VOLUME DOWN","code":"+4570-5140+538-606+534-1700+528-1698E-1696E-564EjE-562+536kLjEiEiE-1694LjEjEjEkEjEiEjLkEiEjEjEj+532hEjEhNiEjEhNhNhN-48608+4564-4590K-1672E","mapping_code":"7_18_14_1886406839","state":1},{"key":"CHANNEL_UP","name":"CHANNEL UP","code":"+4570-4596+566-546+534-1696Ef+536fG-562E-564EiEhEiG-1694GfE-1698+532cEiEiEiEfEiEiEiEfGiEiGhEiEfEfGfEiEfGfEfE-48614B-4566H-1672G","mapping_code":"7_17_14_1886423159","state":1},{"key":"CHANNEL_DOWN","name":"CHANNEL DOWN","code":"+4566-4662+602-550+536-1696+534fGfG-564GhGhE-562GhGfEfGfEiGhGhGhGiEhGiEiE-1694GhGh+552-546GfGfGfEfEhGfGfGfE-48604+4572-4560H-1668E","mapping_code":"7_16_14_1886390519","state":1},{"key":"ENTER","name":"ENTER","code":"+4574-4584+566-544+534-1696EfE-1698E-564EhEh+532hE-562+536fEfEfEhEhEhEhEfEgEgI-1700IgIgIlIgIcIcI-568+530-588+508-590PqPq+510oP-48666+4566-4626E-1720P","mapping_code":"7_255_14_1886453504","state":1},{"key":"0","name":"0","code":"+4570-4600+574-542+534-1694+536-1696Eh+540-558G-562E-564GlG-560EhGfE-1698ElGkGmG-566EfGl+532lEhGlElElEl+508-590EhEhElEnEnPnGhP-48628+4598-4574L-1670G","mapping_code":"7_9_14_1886425199","state":1},{"key":"1","name":"1","code":"+4594-4562+564-536+534-1696EfEfEcEcEcEcEcEfEfEfE-562DgDcEcEgDgDcEcEgEcEcEgDfEfEfE-1694DfEfEfEfE-48620A-4564+560-1674E","mapping_code":"7_0_14_1886388479","state":1},{"key":"2","name":"2","code":"+4540-4642+574-532+534-1696Ef+536fE-566E-562EiG-564GiGfEfEfEjEjEiEjGfDjDjEjGiEjEjDhEjG-1698DfGfG-1694D-1700DkDfE-48638+4568-4638J-1668E","mapping_code":"7_1_14_1886421119","state":1},{"key":"3","name":"3","code":"+4568-4576+564-538+534-1696E-1698EfEcEcE-562EcEhEfEf+536-1714IhEc+532-566EcEcEfEhIcEcEcEcEcEfEhEfEgEfEfKfIfE-48600+4598-4558C-1672+560","mapping_code":"7_2_14_1886404799","state":1},{"key":"4","name":"4","code":"+4598-4570+566-536+534-1696EfEfE-564EgEgEgEgDf+538-1692EfEgEgEgEgEfDfEgEg+560hEgEgEgEgD-562EfEfD-1694DfEfEfE-48576+4568-4604K-1672E","mapping_code":"7_3_14_1886437439","state":1},{"key":"5","name":"5","code":"+4596-4552+562-538+536-1696+534fE-1694G-564EiGiEcGiG-1698GfGfGcGiGcEiGcEiGfEcGiEcGcEiGfGhEiGfEfGfGfEfE-48588+4542-4616+566-1672G","mapping_code":"7_4_14_1886396639","state":1},{"key":"6","name":"6","code":"+4566-4596+568-538+534-1696EfEfE-564EgE-562+536gEgEfEfEfEgEgEgEgEfEgE-1698EgEgEg+532-566K-588+510l+530-1700KlKpOjKjKp+556-1676O-48596+4562-4616I-1704K","mapping_code":"7_5_14_1886429279","state":1},{"key":"7","name":"7","code":"+4572-4592+566-554+534-1694+536-1696EhE-564EiG-562GjGiEhEhEhEiEiEiEiEiEhGhEiEiGjGjEiGhEiEiEfGhEhE-1698EhE-48654+4598-4570C-1670E","mapping_code":"7_6_14_1886412959","state":1},{"key":"8","name":"8","code":"+4594-4592+562-540+534-1696EfEf+536cGcGcEcG-564E-1698EfEfEhGhEhEcGfEfEiEhEcGcEhEhEhEhEcGfG-1694GfEfEfG-48610+4566b+590-1646E","mapping_code":"7_7_14_1886445599","state":1},{"key":"9","name":"9","code":"+4570-4610+538-610+534-1696EfEf+536-562E-564EhEiGhGfEfG-1694EiEiGi+532iEhGiEiGjGhEhGiEhEfEfGfGhEfGjGfEfE-48608+4568-4584H-1672E","mapping_code":"7_8_14_1886392559","state":1},{"key":"MUTE","name":"MUTE","code":"+4566-4656+570-546+534-1696Ef+536fG-562E-564EiEhGiEfGfEfEhEiGhEiGhE-566+532fEiGfEiEiEiEfEfEiE-1698EjKfElKlK-48590+4564-4586+560-1674E","mapping_code":"7_20_14_1886398679","state":1},{"key":"INPUT","name":"INPUT","code":"+4570-4594+576-538+536-1694E-1696Eg+534-562E-564HiEiHjEgHgHgEiHiEiHjHgEfEfEgEjHjHiEiEjHjEiHjHgHgHgHgE-48666+4596lJ-1670E","mapping_code":"7_15_14_1886449679","state":1},{"key":"LAST","name":"LAST","code":"+4574-4784+560-576+534-1696EfEfE-564+536gH-562HiHgHfEfH-1694HiHgEgEgEgHfHfEfEgEgHgEgEfEgEgE-566+532fEfEfL-1698E-48610+4620-4614G-1674E","mapping_code":"7_14_14_1886417039","state":1}],"_id":"fRzHlzq4yH76xHq8"}
