{"category":"TV","brand":"TCL","model":"1642","type":1,"version":"1.0","create_date":1688981704869,"protocol":"TCL","map_code":[{"key":"GUIDE","name":"GUIDE","code":"+4542-4606+564-536D-1694DeDeD-562Df+534cDfGfDeDeDeGcDfDfDfDfDf+532-1614+618-548+550eDfDfDfGeD-1696DfDmD-560DeDmGmD-48628+4600-4596N-1672D","mapping_code":"7_20_14_1886398679","state":1},{"key":"MENU","name":"MENU","code":"+4574-4568+562-540+534-1694+536-1696GfGcEcG-564GcGcGfGfGhGcGcEiGcGcGhEhEfGhEcGcGc+538fEcGc+560jEcGhGfGhG-48626+4566-4630C-1702G","mapping_code":"7_30_14_1886419079","state":1},{"key":"VOLUME_UP","name":"VOLUME UP","code":"+4810-4630+582-532+536-1662+568-1694+562-1668+538-560KlEiEiE-564DhK-1696+558-1672+534iEiElK-510+588iEoKhKnEhE-506+592lKlKnQnElEiEd+566-1692KhK-1690+540-48618+4566-4586+568-1666+536","mapping_code":"7_28_14_1886402759","state":1},{"key":"VOLUME_DOWN","name":"VOLUME DOWN","code":"+4564-4592+564-538+534-1696+536fEfE-562GhEcGhG-558D-1694GfGj+560gGhGhGhEfEhGjGfGfGhGhGhGcEfEhGhGhGfEjGjG-48612+4566-4584C-1672E","mapping_code":"7_29_14_1886435399","state":1},{"key":"CHANNEL_UP","name":"CHANNEL UP","code":"+4596-4578+562-540+536-1694EfE-1696EcE-560EcEcH-538Eg+534fEgJcEcHeIcEcE-564JkEcJgJkJ-566+532cJfEgEfIfEcEgEgEgJ-48610A-4598K-1670E","mapping_code":"7_16_14_1886390519","state":1},{"key":"CHANNEL_DOWN","name":"CHANNEL DOWN","code":"+4574-4570+566-534+538-1694+536fG-1698+532-562GjG-564DjEjD-1696DlGfDkGjDkDkDlDkGjGjGlDkDkGjGjGlIhDlGjGfGhDlD-48668+4592-4616+560-1672D","mapping_code":"7_17_14_1886423159","state":1},{"key":"ENTER","name":"ENTER","code":"+4568-4612+564-536+538-1694EfDfD-560EgE-562DcDh+534fD-1696DjIcDhDhDgDjIfDjIjDjIfDfDfIcDhDhDhDhDhDhIhE-48620+4598-4570H-1672E","mapping_code":"7_255_14_1886453504","state":1},{"key":"0","name":"0","code":"+4594-4588+568-534+538-1694+536fGfG-562GhGhGhGhGfG-1696GfGhG-560GhGjEfGjEhGfEjEhG-564DhGhGfG-1692EhGfGfGfDfE-48610+4572-4624+566-1666E","mapping_code":"7_9_14_1886425199","state":1},{"key":"1","name":"1","code":"+4568-4698+570-536D-1692D-1694+538fG-562DhDhDhDhDfDfGfDhDhDhDhDhDhDhDhG-560D-564+534hDhD-1696DfDlDfDfDlDlKfD-48566+4572-4556H-1670D","mapping_code":"7_0_14_1886388479","state":1},{"key":"2","name":"2","code":"+4576-4566+564-538+536-1694Df+562-1668EgEgEgEgEgEfDfEfE-560DiDiEgEfDiEiDiDiEiDiDgEiDfEfDfEfEfGhEfE-48610+4568-4632D-1720E","mapping_code":"7_1_14_1886421119","state":1},{"key":"3","name":"3","code":"+4808-4546+566-536D-1694+538eDeF-560D-562D-564+534hFgDeDeD-1696DhDhFgDhFhDeFhDgDiJhFhDhFeDgFeJkDeFeJkDeD-48610+4568-4584H-1672D","mapping_code":"7_2_14_1886404799","state":1},{"key":"4","name":"4","code":"+4600-4908+562-538+536-1694Ef+540-1692E-564Ec+534cEiJiE-1696JkEfJiJcEcEiJkJkJiJ-588+510iJiJiJi+532-566NoN-1698E-1716M-1720MpN-1722MsN-48602+4566-4652E-1706M","mapping_code":"7_3_14_1886437439","state":1},{"key":"5","name":"5","code":"+4600-4598+566-536+534-1694D-1696DgD-562DhDhDhDhDfDfDgDhEh+538-560DhDhDhDfDhDhDhDhDjDgDfDhDgDfDgEgDgD-48612+4596-4624+568-1670D","mapping_code":"7_4_14_1886396639","state":1},{"key":"6","name":"6","code":"+4748-4592+566-536D-1694DeDeD-562D-560+538gDfDfDeDeD-1696DfDfDfDfDeDfDeDf+550-548DfHgDfHgDiDfDeDeDeHeDeH-48612+4570-4590F-1670D","mapping_code":"7_5_14_1886429279","state":1},{"key":"7","name":"7","code":"+4596-4570+572-536D-1694+538eDeD-560FgF-562DhDh+534-1696IeDjIhDhDgDhHdDeDeDhI-564DhIhFhDeDgDhF-1692FeDeDeIeF-48584B-4556DjI","mapping_code":"7_6_14_1886412959","state":1},{"key":"8","name":"8","code":"+4600-4580+566-536+534-1694+538fD-1696D-562IdD-560D-564EkD-1698+532fDfGjDkEiDiG-1692EhDhEkDiDkEkEkMkEcMkMlEhEhElElM-48604+4562-4750J-1710+512","mapping_code":"7_7_14_1886445599","state":1},{"key":"9","name":"9","code":"+4572-4596+572-542+538-1694+536fEfG-562EhGhEhGhG-1696GfGfEhGhG-560EjGhEh+534hGfGhG-564KhGhGfEiKiKhKiKiGiGiK-48610+4592-4606H-1672G","mapping_code":"7_8_14_1886392559","state":1},{"key":"MUTE","name":"MUTE","code":"+4572-4594+572-546+536-1694Ef+538-1692G-562Ei+534iJ-564EiEfEfEfGiEiGiJiJ-1696EiElEiEfEiGiEiEiEfEkJfEiEfEfEfE-48592+4568-4576I-1670E","mapping_code":"7_21_14_1886431319","state":1},{"key":"INPUT","name":"INPUT","code":"+4568-4572+540-560+538-1694+536fE-1692E-562GdEiGiGiGfG-1696GfGiGiGiGiGiGfGfGi+534fGiGiGiEhGiEdGfEdEfGfGfG-48582+4600-4594+570-1670G","mapping_code":"7_22_14_1886414999","state":1},{"key":"LAST","name":"LAST","code":"+4544-4632+564-536D-1694D-1692+538eG-562DhD-560GiGhGfGeDeDcDiDhDiGhDhDeDeGi+534cDhDeDeDeGiGiDeGeGfGhD-48588+4572l+566-1668G","mapping_code":"7_140_14_1886400974","state":1}],"_id":"smM6DmN4IigGxpuS"}
