{"category":"TV","brand":"TCL","model":"1892","type":1,"version":"1.0","create_date":1688982288621,"protocol":"TCL","map_code":[{"key":"POWER","name":"POWER","code":"+4574-4568+564-538+536-1696+534-1694EfEcE-562GcEcGcGfEfEhEiEiEiEiEhEfGiEiGfGcGcEiEiGcGfEhEiGfEhEhG-48622+4592-4616I-1672E","mapping_code":"7_19_14_1886439479","state":1},{"key":"MENU","name":"MENU","code":"+4600-4590+566-534+536-1696EfEfD-564E-562DgDgEhE-1694DfEfEgDgEhDhEfDgDc+532gDfEgDgDgDgD-1698+556-1674DkDcJfDkJ-1720+510-48602+4614-4616+558kO","mapping_code":"7_17_14_1886423159","state":1},{"key":"VOLUME_UP","name":"VOLUME UP","code":"+4570-4598+568-548+560-1670+534-1696+536hG-562IjG-564IjGkI-1694IlIlIjIjIjIjIjIjIjIjIlIjIjIjGlIhIlIlIkGhGhIlI-48654+4622-4596J-1672I","mapping_code":"7_16_14_1886390519","state":1},{"key":"VOLUME_DOWN","name":"VOLUME DOWN","code":"+4568-4586+564-536D-1696D-1694Df+534cD-562DhDhDhDfDfDfDhGhDhDhGhDhDfDh+538fGcDhDcGeDeGhDfGcGeGfDeG-48606+4590-4596H-1672G","mapping_code":"7_20_14_1886398679","state":1},{"key":"CHANNEL_UP","name":"CHANNEL UP","code":"+4576-4578+570-540+536-1696E-1694+534fE-560E-562EjEjEjHfEgEfHjEjEjEjEjHfE-564HkHfHkHjHkHfHjHfHfEkHfH-1698HfH-48656+4594-4588I-1674H","mapping_code":"7_18_14_1886406839","state":1},{"key":"CHANNEL_DOWN","name":"CHANNEL DOWN","code":"+4574-4580+566-534+536-1694EfE-1696D-560+538-562EjEjEjD-1698EfDfE-564EjElDjEjEgDgEjEfEjDlEjEgEjEjE-1692IhEfEgEfD-48602+4592-4560J-1672E","mapping_code":"7_22_14_1886414999","state":1},{"key":"ENTER","name":"ENTER","code":"+4630-4814+540-586+536-1694EfEfE-562EgEg+534gH-564EfEfE-1696HgEiHiEgEfEjEjEfEiHfEi+532iHgEgEiHiHjHgHjHjH-48614+4594-4568+560-1674H","mapping_code":"7_47_14_1886450699","state":1},{"key":"0","name":"0","code":"+4676-4566+566-536D-1696+534eFeD-562DgD-564DgDg+538-1694DjIjFhDgDgDhFeFhDhFjDhFgDgDgFgDjDeDgFeDjDeDjD-48672+4598-4636+570-1692D","mapping_code":"7_9_14_1886425199","state":1},{"key":"1","name":"1","code":"+4572-4570+566-536D-1696De+534eF-562F-564DgDgDgD-1694DiDi+538gFgFhDgDhDgDgDgFhFgDgFhFeDeDiFiDiDeFeFeD-48612+4598-4608+568-1674D","mapping_code":"7_0_14_1886388479","state":1},{"key":"2","name":"2","code":"+4572-4602+538-588+562-1668+536-1696G-1694C-560+534eG-564KlKlKiGiGiGlKeGlKeGiGeGlKeGeGeGeGjGeGiGhKiGiGiCiGiG-48576+4594-4544L-1670G","mapping_code":"7_1_14_1886421119","state":1},{"key":"3","name":"3","code":"+4572a+564-538+536-1694D-1696+586eDb+534bD-562HiDiDfDfHfDiHiDbD-560DiHfDbDiDiDbHbDiDeDiDfHfHeCeDeDfD-48620+4592-4632+568-1674D","mapping_code":"7_2_14_1886404799","state":1},{"key":"4","name":"4","code":"+4566-4664+568-548+536-1694+538fE-1696E-564E-562EjEjEjEfEfEfEj+534iEjKiKhKhEjEjKjEiEjKiKjEjEhKhKhKhKhKhK-48570AaI-1670K","mapping_code":"7_3_14_1886437439","state":1},{"key":"5","name":"5","code":"+4544-4626+562-540+534-1694+536-1696GhG-564E-550+548cGcGiGhEhGf+538cGiEiEcGcGiEhGcGcGcEiEcEhEhGcG-1698EfGhGfGhE-48608+4650-4612+592-1646E","mapping_code":"7_4_14_1886396639","state":1},{"key":"6","name":"6","code":"+4566-4624+570-544+536-1696Ef+534-1750+532-564E-562+538-560EkEkL-1694E-1692EfEkEkGkEkEnEkEnEkEkLkEkGjGjGfEkEfGfEfGfGfG-48592+4544-4602J-1670G","mapping_code":"7_5_14_1886429279","state":1},{"key":"7","name":"7","code":"+4600-4614+566-536D-1694D-1696+534eD-562DhDhD-564D-560DeDfDfGhGhDhDiDhDeDeDhGiDhGhDhDeGhDhDe+538eDfGeDeK-48600+4566-4582I-1670D","mapping_code":"7_6_14_1886412959","state":1},{"key":"8","name":"8","code":"+4572-4570+564-536D-1696D-1694DfD-562Dg+538g+534gDgIeDfDeIcIcIgDgIfDeDfDgDgDgDcIcIgDgDgDfDeIfDeIfD-48590+4598-4596G-1670D","mapping_code":"7_7_14_1886445599","state":1},{"key":"9","name":"9","code":"+4566-4612+568-540+534-1696+536fGfE-562G-564GhGh+560gGfG-1694GfEhGhEiEiEhEiEiEfEhEiEhEiEfE-1698+532fEiElE-1720+510nOfE-48592+4564-4574+558-1676M","mapping_code":"7_8_14_1886392559","state":1},{"key":"MUTE","name":"MUTE","code":"+4754-4628+564-538+536-1694E-1696Eg+534cH-562EiEiEiEgHgHgEcE-560DiEiHcEcHgEfEcHcHcHiEgEgHiHiEfEfEgHgE-48614+4624-4596+594-1650E","mapping_code":"7_12_14_1886400719","state":1},{"key":"INPUT","name":"INPUT","code":"+4592-4572+564-538+536-1694EfEf+534cE-562EhEhEhE-1696EiGiGhEcEhEhGiGiGcG-1698+532iGcGhEcGcGhGiGcG-566KiGiKjK-48594A-4598+558-1676K","mapping_code":"7_27_14_1886443559","state":1},{"key":"EXIT","name":"EXIT","code":"+4570-4600+568-552+534-1696+536-1694GfG-562GiEiGiGiGfGhGhGiG-560GiE-564GfEiGhGiEfGiEiGiGiGfEkEhEkGfEfEfE-48588+4542-4610I-1672E","mapping_code":"7_21_14_1886431319","state":1},{"key":"DISPLAY","name":"DISPLAY","code":"+4566-4612+562-540+534-1696E-1694+536gHcHcEcHcHcHfHgEfHcHcE-564EcHiHgEcHgHg+538cEcHcHfHcEfHcHiEgEfHfE-48626+4596-4562C-1672E","mapping_code":"7_26_14_1886410919","state":1}],"_id":"Hqju2jLsn2y7gtVa"}
