{"category":"TV","brand":"LG","model":"1297","type":1,"version":"1.0","create_date":1688315578575,"protocol":"LG","map_code":[{"key":"0","name":"0","code":"+884-908+1776-888D-886Ed+874-900Ee+876gFgFgFgHg+880-894H","mapping_code":"1_0_0_0","state":1},{"key":"1","name":"1","code":"+868-922+880-894+1772-892+874-898+882f+876hJh+884-890Kl+878-896IdC-1782M","mapping_code":"1_1_0_2049","state":1},{"key":"2","name":"2","code":"+892-890+1774-888B-884A-882BeD-886DgDeDgGd+876-1788+1802","mapping_code":"1_2_0_2","state":1},{"key":"3","name":"3","code":"+876-918+874-900+1798-864+884-892C-898+882hCi+880-894+878-896KlG-1780MlM","mapping_code":"1_3_0_2051","state":1},{"key":"4","name":"4","code":"+892-880+1782-882+874-900+884-890Ef+878-894I-898IjDaI-1786+1798-864D","mapping_code":"1_4_0_4","state":1},{"key":"5","name":"5","code":"+892-884B-890+1774a+874-898+876fGfGfGf+878-896+882-1782+1772-1780G","mapping_code":"1_5_0_2053","state":1},{"key":"6","name":"6","code":"+944-846+1774-890+876-898EfEfEfEf+882-892EfE-1788+878-896C","mapping_code":"1_6_0_6","state":1},{"key":"7","name":"7","code":"+922-876+894-882+1776-888+892d+890-886F-884HjGjFiFeFiFiF","mapping_code":"1_7_0_2055","state":1},{"key":"8","name":"8","code":"+1010-952+1794-884+890-882+894f+892-880EdHdEfG-1772+1796-864E-886+888","mapping_code":"1_8_0_8","state":1},{"key":"9","name":"9","code":"+908-892+894-880+1800-864+886-888HgHgH-884+890iH-1776+1774hJkG","mapping_code":"1_9_0_2057","state":1},{"key":"POWER","name":"POWER","code":"+928-878+1774-890+886-888+882-892+874-900+876jIjK-898K-1788+884dCdK","mapping_code":"1_12_0_12","state":1},{"key":"CHANNEL_UP","name":"CHANNEL UP","code":"+872-920+888-886+1798-864C-884+890gCdCgH-1774+874-898+1776cHiC","mapping_code":"1_25_0_2073","state":1},{"key":"CHANNEL_DOWN","name":"CHANNEL DOWN","code":"+872-908+1774-888+890-884+894-882EfEfEf+892cD-886CdDjE","mapping_code":"1_24_0_24","state":1},{"key":"VOLUME_UP","name":"VOLUME UP","code":"+942-922+906-878+1774-888+874-900+886fG-902Gh+876-1788+884-890E-1780MnM","mapping_code":"1_27_0_2075","state":1},{"key":"VOLUME_DOWN","name":"VOLUME DOWN","code":"+1088-950+1824-856+890-882E-886+888-884Ei+876-896+892-1774HgM-1784+1778","mapping_code":"1_26_0_26","state":1},{"key":"MENU","name":"MENU","code":"+912-890+874-900+1800-864Cd+876-898GhC-1790+872dCd+1774-1784Cd+878","mapping_code":"1_59_0_2107","state":1},{"key":"MUTE","name":"MUTE","code":"+898-894+1776-888+890-886+874-900GhD-884+876hDfG-1792Fd+1798-1756G","mapping_code":"1_13_0_13","state":1},{"key":"INPUT","name":"INPUT","code":"+868-924+890-884+1802-862+892-882C-886ChC-1776CdCdJiCiC","mapping_code":"1_56_0_2104","state":1},{"key":"LAST","name":"LAST","code":"+868-920+1774-890+892-884+874-900GhGhDfD-1776Df+888fJ-886JkJ","mapping_code":"1_31_0_31","state":1}],"_id":"RMjB1g5LEAgEUCir"}
