{"category":"TV","brand":"LG","model":"1327","type":1,"version":"1.0","create_date":1688288608129,"protocol":"LG","map_code":[{"key":"0","name":"0","code":"+982-826+1810-854+928-846EfEfEfE-844E-848+926hEfEfEfE","mapping_code":"1_0_0_0","state":1},{"key":"1","name":"1","code":"+966-832+928-846+1808-854+930dCdCdCdCdG-844CdGhG-1736C","mapping_code":"1_1_0_2049","state":1},{"key":"2","name":"2","code":"+984-826+1810-854+928-846+926-848GhEfEfEfEfGhE-1736C","mapping_code":"1_2_0_2","state":1},{"key":"3","name":"3","code":"+968-832+926-848+1808-854+928-846GdGhG-844+930-850+922hGhG-1736ChG","mapping_code":"1_3_0_2051","state":1},{"key":"4","name":"4","code":"+984-820+1814-854+928-846E-844EfEfE-848Eg+930fE-1738+1808dE","mapping_code":"1_4_0_4","state":1},{"key":"5","name":"5","code":"+1096-854+976-824+1810-852+928-846+926h+930-844G-848GhGhG-1734E-1744I","mapping_code":"1_5_0_2053","state":1},{"key":"6","name":"6","code":"+984-820+1810-854+928-846Ef+926-848GfE-844EhGfE-1736GhC","mapping_code":"1_6_0_6","state":1},{"key":"7","name":"7","code":"+968-830+928-846+1810-854CdCd+926dC-844+930hIdC-1736CdCdC","mapping_code":"1_7_0_2055","state":1},{"key":"8","name":"8","code":"+984-822+1808-856+928-846EfEfEfEfEfE-1736+1810-852EfE","mapping_code":"1_8_0_8","state":1},{"key":"9","name":"9","code":"+982-826+926-848+1810-854+928dCdG-846CdGdC-1738+1808-860CiC","mapping_code":"1_9_0_2057","state":1},{"key":"POWER","name":"POWER","code":"+954-848+1784-880+924-850+926fEfEf+922-852HfH-1742Hi+1782-882+920","mapping_code":"1_12_0_12","state":1},{"key":"VOLUME_UP","name":"VOLUME UP","code":"+980-822+930-846+1810-854+926d+928dHdHdH-1736+1808-1746Gd+1812","mapping_code":"1_22_0_2070","state":1},{"key":"VOLUME_DOWN","name":"VOLUME DOWN","code":"+980-826+1810-852+930-846+928fGfGf+926-848H-1738+1808-1742+1812-1750G","mapping_code":"1_21_0_21","state":1},{"key":"MENU","name":"MENU","code":"+966-832+928-846+1810-854CdCdCdCd+926-1738EfCh+1808","mapping_code":"1_18_0_2066","state":1},{"key":"CHANNEL_UP","name":"CHANNEL UP","code":"+964-834+1810-854+930-844+928-846GfGhGh+926-1738+1808-852G-848GhG","mapping_code":"1_16_0_16","state":1},{"key":"CHANNEL_DOWN","name":"CHANNEL DOWN","code":"+960-852+926-848+1786-878+924-850GhCdGhG-1740+1782-880GhG-1738C","mapping_code":"1_17_0_2065","state":1},{"key":"ENTER","name":"ENTER","code":"+956-846+924-850+1784-878+926-848GhGd+928-1736+1786-1770CdE-1768C","mapping_code":"1_45_0_2093","state":1},{"key":"MUTE","name":"MUTE","code":"+978-826+1784-880+926-848EfE-850+924f+928-1736C-1770CdH-1740H","mapping_code":"1_41_0_41","state":1},{"key":"INPUT","name":"INPUT","code":"+978-824+928-846+1810-856+926dCdG-848C-1736CdCdCdE-854C","mapping_code":"1_60_0_2108","state":1},{"key":"LAST","name":"LAST","code":"+980-824+1812-852+926-806+968-848Eh+928-846+930-1736+1808-856EhE-1738+1810","mapping_code":"1_34_0_34","state":1}],"_id":"HFTEXh35hEOYn0Sj"}
