{"category":"TV","brand":"LG","model":"3161","type":1,"version":"1.0","create_date":1688288748194,"protocol":"LG","map_code":[{"key":"0","name":"0","code":"+962-858+1818-860+938-848+936-850G-852GhGfGhGhGh+934iJiG","mapping_code":"1_0_0_0","state":1},{"key":"1","name":"1","code":"+972-840+962-826+1820-860C-824+960d+940-846+958dCg+936-850+942-842+938mL-1746+934","mapping_code":"1_1_0_2049","state":1},{"key":"2","name":"2","code":"+990-830+1820-860+958-828+960-824+962hG-826GjGjEjIj+936-1744C","mapping_code":"1_2_0_2","state":1},{"key":"3","name":"3","code":"+998-884+978-818+1822-858+962-824+960-826GhIjGhGhIjI-1720IjI","mapping_code":"1_3_0_2051","state":1},{"key":"4","name":"4","code":"+990-830+1822-860+960-824E-826+938-848+962gEfH-850EgJ-1720+1820-862+936","mapping_code":"1_4_0_4","state":1},{"key":"5","name":"5","code":"+974-840+962-826+1820-860C-824CdCgCgC-822+964hC-1720+1874-1732A","mapping_code":"1_5_0_2053","state":1},{"key":"6","name":"6","code":"+990-828+1822-860+962-824+938-850+960-826IfEfEfEfI-1720IfC","mapping_code":"1_6_0_6","state":1},{"key":"7","name":"7","code":"+972-840+962-826+1822-858C-824+960gCdCgCg+964-822C-1718HdCgC","mapping_code":"1_7_0_2055","state":1},{"key":"8","name":"8","code":"+990-832+1822-858+962-824EfEfEf+960-826EfE-1718CdEfE","mapping_code":"1_8_0_8","state":1},{"key":"9","name":"9","code":"+962-856+938-850+1820-860+946-840+936-852IdIdId+934-1748+1818-862K-1746I","mapping_code":"1_9_0_2057","state":1},{"key":"POWER","name":"POWER","code":"+984-828+1820-860+938-848+960-826Gh+936-850IjIj+934-1746Ij+1798-884K","mapping_code":"1_12_0_12","state":1},{"key":"VOLUME_UP","name":"VOLUME UP","code":"+986-826+962b+1820-860C-824Cf+960bCfC-1718D-866Gb+938-850C","mapping_code":"1_16_0_2064","state":1},{"key":"VOLUME_DOWN","name":"VOLUME DOWN","code":"+986-832+1822-858+960-824+964f+962fHfHfH-1718C-866H-826E-1720H","mapping_code":"1_17_0_17","state":1},{"key":"BACK","name":"BACK","code":"+972-842+960-826+1822-858+962-824CdCh+964-1718E-860GhC-1722+1820","mapping_code":"1_34_0_2082","state":1},{"key":"HOME","name":"HOME","code":"+992-828+1820-858+962-826+960fGfE-822+940-1742EhEfC-1754Gf+936","mapping_code":"1_59_0_59","state":1},{"key":"MENU","name":"MENU","code":"+986-832+962-824+1822-860+960dCdCdC-1720CdCdE-1754GdC","mapping_code":"1_59_0_2107","state":1},{"key":"CHANNEL_UP","name":"CHANNEL UP","code":"+974-838+1822-860+962-824E-822Ef+960f+964-1718+1820dEfH-826HfI","mapping_code":"1_32_0_32","state":1},{"key":"CHANNEL_DOWN","name":"CHANNEL DOWN","code":"+968-838+960-826+1822-858C-828C-824+962-822I-1720E-798+1024jIhCkI","mapping_code":"1_33_0_2081","state":1},{"key":"ENTER","name":"ENTER","code":"+986-830+960-824+1822-860+962-826ChChC-1720+1820fG-1718J-1760G","mapping_code":"1_37_0_2085","state":1},{"key":"MUTE","name":"MUTE","code":"+986-832+1822-858+962-824+944-842+960fEfI-826IjI-1722+934-850+1820-1756I","mapping_code":"1_13_0_13","state":1},{"key":"INPUT","name":"INPUT","code":"+984-832+960-826+1820-858+962d+936-850H-848+940-1742HiHi+1822-860+938jG","mapping_code":"1_56_0_2104","state":1},{"key":"SLEEP","name":"SLEEP","code":"+1042-824+1822-858+962-826+960fGbGfE-1720+1820-860+936-1744GbC","mapping_code":"1_38_0_38","state":1},{"key":"LAST","name":"LAST","code":"+972-836+1824-858+962-824+960fEfGfE-1718+1820dE-826E-1720I","mapping_code":"1_34_0_34","state":1},{"key":"DISPLAY","name":"DISPLAY","code":"+990-832+960-826+1822-860+936-850C-824GhG-848CdG-1746+958d+938hGh+964","mapping_code":"1_15_0_2063","state":1},{"key":"PICTURE_MODE","name":"PICTURE MODE","code":"+986-832+1822-860+962-826+960-824EhEfGfE-1720+1820-1754JkE","mapping_code":"1_21_0_21","state":1},{"key":"SOUND_MODE","name":"SOUND MODE","code":"+986-832+962-824+1822-858C-826CdCdCgC-1718+1820-1754+1824-856C","mapping_code":"1_20_0_2068","state":1}],"_id":"BlHxz2rNd9nOgtUu"}
