{"category":"TV","brand":"SONY","model":"KD-55X8000E","type":1,"version":"1.0","create_date":1687313300224,"protocol":"SONY","map_code":[{"key":"0","name":"0","code":"+2400-650+1150b+550bDbCb+600eDbDbCbDbDbEeD","mapping_code":"4_9_1_2320","state":1},{"key":"1","name":"1","code":"+2400-650+600cCcCc+550bCcCcDb+1200cCcDbDbD","mapping_code":"4_0_1_16","state":1},{"key":"2","name":"2","code":"+2400-600+1200-650BbBbBbBbBbBbCbBbBbBbB","mapping_code":"4_1_1_2064","state":1},{"key":"3","name":"3","code":"+2400-600Bb+1200bBbBbBbBbBbCbBbBb+550-650D","mapping_code":"4_2_1_1040","state":1},{"key":"4","name":"4","code":"+2400-650+1200-600CdDdDdDd+550bDdCdEbEbDdD","mapping_code":"4_3_1_3088","state":1},{"key":"5","name":"5","code":"+2400-650+550bCb+1200-600CbCbCbCb+1150bCbCbEeC","mapping_code":"4_4_1_528","state":1},{"key":"6","name":"6","code":"+2400-650+1150b+550bCbDbDbDbDbCbDbDbDbD","mapping_code":"4_5_1_2576","state":1},{"key":"7","name":"7","code":"+2400-650+550b+1150bDbCbCbCbCbDbCbCbCbC","mapping_code":"4_6_1_1552","state":1},{"key":"8","name":"8","code":"+2400-600+1200bCbCbBbBbBbBbCbBb+550-650BbB","mapping_code":"4_7_1_3600","state":1},{"key":"9","name":"9","code":"+2400-600BbBbBb+1200bBbBbBb+1150-650BbBb+550eB","mapping_code":"4_8_1_272","state":1},{"key":"POWER","name":"POWER","code":"+2400-650+1150b+550bCbDbCbDbDbCbDb+600eDbD","mapping_code":"4_21_1_2704","state":1},{"key":"INPUT","name":"INPUT","code":"+2400-600+1200bBbCbBbBbCbBbCbBb+550-650BbB","mapping_code":"4_37_1_2640","state":1},{"key":"INFO","name":"INFO","code":"+2400-600Bb+1200bBbCbCbCbBbCbBbBbBbB","mapping_code":"4_58_1_1488","state":1},{"key":"NETFLIX","name":"NETFLIX","code":"+2400-600+550-650Bb+1150b+1200bFbFbFbBbFbBbEdFbBbCdB","mapping_code":"4_124_26_8024","state":1},{"key":"MENU","name":"MENU","code":"+2350-650+1150bCb+550bCbDbDbCbDbDbCbDbDbDbCbC","mapping_code":"4_75_196_26915","state":1},{"key":"RED","name":"RED","code":"+2400-650+1150b+550bCbDbDbCbDbCbCbCbD-600CbDbDbC","mapping_code":"4_37_151_21225","state":1},{"key":"GREEN","name":"GREEN","code":"+2400-650+550b+1150bDbCbCbDbCbDbDbDbCbDbCbCbD","mapping_code":"4_38_151_13033","state":1},{"key":"YELLOW","name":"YELLOW","code":"+2400-600+1200bCbCbBb+550-650CbBbCbCbCbBbCbBbDeC","mapping_code":"4_39_151_29417","state":1},{"key":"BLUE","name":"BLUE","code":"+2400-650+550bCb+1150bCbCbDbCbDbDbDbCbDbCbCbD","mapping_code":"4_36_151_4841","state":1},{"key":"GUIDE","name":"GUIDE","code":"+2400-650+1200-600+1150bDdEbCdDdCdDdDdCdDdDdCd+550bC","mapping_code":"4_91_164_27941","state":1},{"key":"TV","name":"TV","code":"+2400-650+550bCb+1150bCbCbDbCbDbCb+600eCbC","mapping_code":"4_36_1_592","state":1},{"key":"BACK","name":"BACK","code":"+2400-600+1200bCbBbBbBb+1150-650BbDeCbCbBbCbBbBbC","mapping_code":"4_35_151_25321","state":1},{"key":"HOME","name":"HOME","code":"+2400-600BbBbBbBbBb+1200bCbCbBbBbBbB","mapping_code":"4_96_1_112","state":1},{"key":"UP","name":"UP","code":"+2400-650+550bCb+1150bCbDbDbDbDbCbCbCbC","mapping_code":"4_116_1_752","state":1},{"key":"DOWN","name":"DOWN","code":"+2400-600+1200bBbCbBbCbCbCbCbBbBbBbB","mapping_code":"4_117_1_2800","state":1},{"key":"LEFT","name":"LEFT","code":"+2400-600+550-650Cd+1200bBb+1150dFdBbFbBbBbBbB","mapping_code":"4_52_1_720","state":1},{"key":"RIGHT","name":"RIGHT","code":"+2400-650+1150b+1200b+550b+600fCbDfEbCbFfEbEbE","mapping_code":"4_51_1_3280","state":1},{"key":"ENTER","name":"ENTER","code":"+2400-600+1200bBbCbBbBbCbCbCb+550-650DeBbB","mapping_code":"4_101_1_2672","state":1},{"key":"CHANNEL_UP","name":"CHANNEL UP","code":"+2400-650+550bCbCbCb+1150bCbCbDbCbCbCbC","mapping_code":"4_16_1_144","state":1},{"key":"CHANNEL_DOWN","name":"CHANNEL DOWN","code":"+2400-650+1150b+550b+600eDbCbDbDbCbDbDbDbD","mapping_code":"4_17_1_2192","state":1},{"key":"VOLUME_UP","name":"VOLUME UP","code":"+2400-650+550b+1150b+600eCbDbCbCbDbCbCbCbC","mapping_code":"4_18_1_1168","state":1},{"key":"VOLUME_DOWN","name":"VOLUME DOWN","code":"+2400-600+1150-650Cd+550dEdCdEdEdCdEdEdEdE","mapping_code":"4_19_1_3216","state":1},{"key":"LAST","name":"LAST","code":"+2400-600+1200bCbBbCb+1150-650Cb+550eDeBbBbFeF","mapping_code":"4_59_1_3536","state":1},{"key":"MUTE","name":"MUTE","code":"+2400-650+600cCc+1200c+550bDcEbCc+1150bCbEbEbE","mapping_code":"4_20_1_656","state":1},{"key":"AUDIO_MODE","name":"AUDIO MODE","code":"+2400-650+1150bCbCb+600dCbDbDdCb+550bEbDbE","mapping_code":"4_23_1_3728","state":1},{"key":"FAST_FORWARD","name":"FAST FORWARD","code":"+2400-600BbBb+1200bCbCbBbBbCbCbCbBbCbBbBbC","mapping_code":"4_28_151_7401","state":1},{"key":"FAST_BACKWARD","name":"FAST BACKWARD","code":"+2400-600+1200bCbBbCbCbBbBbCb+1150-650Cb+550eDeBbFeC","mapping_code":"4_27_151_27881","state":1},{"key":"PLAY","name":"PLAY","code":"+2400-600Bb+1200bBbCbCbBbBbCbCbCbBbCbBbBbC","mapping_code":"4_26_151_11497","state":1},{"key":"PREVIOUS","name":"PREVIOUS","code":"+2400-650+550bC-600+1150b+1200dFdFdCbEbFdEbDdFdCbDdF","mapping_code":"4_60_151_7913","state":1},{"key":"NEXT","name":"NEXT","code":"+2400-600+1200bBbCbCbCb+1150-650+550eCbDeDeFeDeFeFeD","mapping_code":"4_61_151_24297","state":1},{"key":"STOP","name":"STOP","code":"+2400-600BbBbBb+1200bCb+550-650BbCbCb+1150eBbFeBbDeF","mapping_code":"4_24_151_3305","state":1},{"key":"PAUSE","name":"PAUSE","code":"+2400-600+1200bBbBbCbCbBb+550-650CbCbCbDeCbBbDe+1150","mapping_code":"4_25_151_19689","state":1},{"key":"HELP","name":"HELP","code":"+2400-650+1150-600+550b+1200dCbEbEbCbEbEbCbEbDdDdFdF","mapping_code":"4_77_196_22819","state":1},{"key":"SCREEN","name":"SCREEN","code":"+2400-650+1200-600DdCdCdCdCd+550bDdDd+1150dDdDdCdDdC","mapping_code":"4_61_164_24101","state":1}],"_id":"6fWbhurcW2UnocsE"}
